cli_district_id,birthdate,acct_district_id,lat_street,lon_street,disp_type,gender
"[1,6]","[32,7]","[1,6]","[-13.6325181,-31.42239885]","[-52.4395976,-73.3392193]",OWNER,Female
"[1,6]","[32,7]","[1,6]","[-13.6325181,-31.42239885]","[-52.4395976,-73.3392193]",DISPONENT,Male
"[1,6]","[32,7]","[1,6]","[-13.6325181,-31.42239885]","[-52.4395976,-73.3392193]",OWNER,Male
"[1,6]","[32,7]","[1,6]","[-13.6325181,-31.42239885]","[-52.4395976,-73.3392193]",OWNER,Male
"[1,6]","[32,7]","[1,6]","[-13.6325181,-31.42239885]","[-52.4395976,-73.3392193]",OWNER,Male
"[1,6]","[32,7]","[1,6]","[-13.6325181,-31.42239885]","[-52.4395976,-73.3392193]",OWNER,Male
"[1,6]","[32,7]","[1,6]","[-13.6325181,-31.42239885]","[-52.4395976,-73.3392193]",OWNER,Female
"[1,9]","[13,45]","[1,9]","[12.1274041,35.5749326]","[-119.043001,70.8345928]",DISPONENT,Female
"[1,9]","[13,45]","[1,9]","[12.1274041,35.5749326]","[-119.043001,70.8345928]",OWNER,Male
"[1,9]","[13,45]","[1,9]","[12.1274041,35.5749326]","[-119.043001,70.8345928]",OWNER,Female
"[1,9]","[13,45]","[1,9]","[12.1274041,35.5749326]","[-119.043001,70.8345928]",OWNER,Female
"[1,9]","[13,45]","[1,9]","[12.1274041,35.5749326]","[-119.043001,70.8345928]",OWNER,Female
"[1,9]","[13,45]","[1,9]","[12.1274041,35.5749326]","[-119.043001,70.8345928]",OWNER,Male
"[1,9]","[13,45]","[1,9]","[12.1274041,35.5749326]","[-119.043001,70.8345928]",OWNER,Female
"[1,2]","[18,53]","[1,2]","[14.7117921,33.7865754]","[105.3672884,99.0967189]",OWNER,Male
"[1,2]","[18,53]","[1,2]","[14.7117921,33.7865754]","[105.3672884,99.0967189]",OWNER,Male
"[1,2]","[18,53]","[1,2]","[14.7117921,33.7865754]","[105.3672884,99.0967189]",OWNER,Female
"[1,2]","[18,53]","[1,2]","[14.7117921,33.7865754]","[105.3672884,99.0967189]",OWNER,Male
"[1,2]","[18,53]","[1,2]","[14.7117921,33.7865754]","[105.3672884,99.0967189]",OWNER,Female
"[1,2]","[18,53]","[1,2]","[14.7117921,33.7865754]","[105.3672884,99.0967189]",OWNER,Male
"[1,2]","[18,53]","[1,2]","[14.7117921,33.7865754]","[105.3672884,99.0967189]",OWNER,Male
"[16,7]","[15,48]","[1,7]","[12.28439,3.7520101]","[105.6758987,96.8200261]",OWNER,Male
"[16,7]","[15,48]","[1,7]","[12.28439,3.7520101]","[105.6758987,96.8200261]",OWNER,Male
"[16,7]","[15,48]","[1,7]","[12.28439,3.7520101]","[105.6758987,96.8200261]",OWNER,Male
"[16,7]","[15,48]","[1,7]","[12.28439,3.7520101]","[105.6758987,96.8200261]",DISPONENT,Female
"[16,7]","[15,48]","[1,7]","[12.28439,3.7520101]","[105.6758987,96.8200261]",OWNER,Female
"[16,7]","[15,48]","[1,7]","[12.28439,3.7520101]","[105.6758987,96.8200261]",OWNER,Male
"[16,7]","[15,48]","[1,7]","[12.28439,3.7520101]","[105.6758987,96.8200261]",OWNER,Male
"[1,6]","[18,6]","[1,6]","[-0.639722,14.1725899]","[106.780722,174.4279938]",OWNER,Female
"[1,6]","[18,6]","[1,6]","[-0.639722,14.1725899]","[106.780722,174.4279938]",OWNER,Female
"[1,6]","[18,6]","[1,6]","[-0.639722,14.1725899]","[106.780722,174.4279938]",OWNER,Male
"[1,6]","[18,6]","[1,6]","[-0.639722,14.1725899]","[106.780722,174.4279938]",OWNER,Female
"[1,6]","[18,6]","[1,6]","[-0.639722,14.1725899]","[106.780722,174.4279938]",OWNER,Female
"[1,6]","[18,6]","[1,6]","[-0.639722,14.1725899]","[106.780722,174.4279938]",DISPONENT,Female
"[10,9]","[26,52]","[10,9]","[21.2391067,21.2391067]","[105.6758987,105.6758987]",OWNER,Female
"[10,9]","[26,52]","[10,9]","[21.2391067,21.2391067]","[105.6758987,105.6758987]",DISPONENT,Male
"[10,9]","[26,52]","[10,9]","[21.2391067,21.2391067]","[105.6758987,105.6758987]",OWNER,Male
"[10,9]","[26,52]","[10,9]","[21.2391067,21.2391067]","[105.6758987,105.6758987]",OWNER,Male
"[10,9]","[26,52]","[10,9]","[21.2391067,21.2391067]","[105.6758987,105.6758987]",OWNER,Female
"[10,9]","[26,52]","[10,9]","[21.2391067,21.2391067]","[105.6758987,105.6758987]",OWNER,Male
"[1,3]","[10,31]","[1,3]","[22.315357849999998,35.66317585]","[114.0451497252082,139.7435795]",OWNER,Male
"[1,3]","[10,31]","[1,3]","[22.315357849999998,35.66317585]","[114.0451497252082,139.7435795]",OWNER,Female
"[1,3]","[10,31]","[1,3]","[22.315357849999998,35.66317585]","[114.0451497252082,139.7435795]",OWNER,Female
"[1,3]","[10,31]","[1,3]","[22.315357849999998,35.66317585]","[114.0451497252082,139.7435795]",OWNER,Male
"[1,3]","[10,31]","[1,3]","[22.315357849999998,35.66317585]","[114.0451497252082,139.7435795]",OWNER,Female
"[1,3]","[10,31]","[1,3]","[22.315357849999998,35.66317585]","[114.0451497252082,139.7435795]",OWNER,Male
"[1,6]","[34,51]","[1,6]","[22.315357849999998,35.6468662]","[114.0451497252082,139.7435795]",OWNER,Male
"[1,6]","[34,51]","[1,6]","[22.315357849999998,35.6468662]","[114.0451497252082,139.7435795]",DISPONENT,Male
"[1,6]","[34,51]","[1,6]","[22.315357849999998,35.6468662]","[114.0451497252082,139.7435795]",OWNER,Male
"[1,6]","[34,51]","[1,6]","[22.315357849999998,35.6468662]","[114.0451497252082,139.7435795]",OWNER,Female
"[1,6]","[34,51]","[1,6]","[22.315357849999998,35.6468662]","[114.0451497252082,139.7435795]",OWNER,Female
"[1,6]","[34,51]","[1,6]","[22.315357849999998,35.6468662]","[114.0451497252082,139.7435795]",OWNER,Female
"[19,39]","[2,46]","[19,39]","[-13.6325181,27.717902]","[-52.4395976,76.0579097]",OWNER,Male
"[19,39]","[2,46]","[19,39]","[-13.6325181,27.717902]","[-52.4395976,76.0579097]",OWNER,Male
"[19,39]","[2,46]","[19,39]","[-13.6325181,27.717902]","[-52.4395976,76.0579097]",OWNER,Female
"[19,39]","[2,46]","[19,39]","[-13.6325181,27.717902]","[-52.4395976,76.0579097]",DISPONENT,Male
"[19,39]","[2,46]","[19,39]","[-13.6325181,27.717902]","[-52.4395976,76.0579097]",OWNER,Male
"[19,39]","[2,46]","[19,39]","[-13.6325181,27.717902]","[-52.4395976,76.0579097]",OWNER,Female
"[19,39]","[2,46]","[19,39]","[-13.6325181,27.717902]","[-52.4395976,76.0579097]",OWNER,Male
"[17,38]","[11,27]","[17,38]","[27.717902,35.6403451]","[-118.1855016,-97.5035722]",OWNER,Male
"[17,38]","[11,27]","[17,38]","[27.717902,35.6403451]","[-118.1855016,-97.5035722]",OWNER,Male
"[17,38]","[11,27]","[17,38]","[27.717902,35.6403451]","[-118.1855016,-97.5035722]",OWNER,Male
"[17,38]","[11,27]","[17,38]","[27.717902,35.6403451]","[-118.1855016,-97.5035722]",OWNER,Male
"[17,38]","[11,27]","[17,38]","[27.717902,35.6403451]","[-118.1855016,-97.5035722]",OWNER,Male
"[17,38]","[11,27]","[17,38]","[27.717902,35.6403451]","[-118.1855016,-97.5035722]",OWNER,Female
"[17,38]","[11,27]","[17,38]","[27.717902,35.6403451]","[-118.1855016,-97.5035722]",OWNER,Male
"[17,32]","[10,8]","[17,32]","[15.3762421,3.7341097000000003]","[102.5084005,96.84789194999999]",OWNER,Female
"[17,32]","[10,8]","[17,32]","[15.3762421,3.7341097000000003]","[102.5084005,96.84789194999999]",OWNER,Female
"[17,32]","[10,8]","[17,32]","[15.3762421,3.7341097000000003]","[102.5084005,96.84789194999999]",OWNER,Male
"[17,32]","[10,8]","[17,32]","[15.3762421,3.7341097000000003]","[102.5084005,96.84789194999999]",OWNER,Female
"[17,32]","[10,8]","[17,32]","[15.3762421,3.7341097000000003]","[102.5084005,96.84789194999999]",OWNER,Female
"[17,32]","[10,8]","[17,32]","[15.3762421,3.7341097000000003]","[102.5084005,96.84789194999999]",OWNER,Female
"[17,32]","[10,8]","[17,32]","[15.3762421,3.7341097000000003]","[102.5084005,96.84789194999999]",OWNER,Male
"[11,39]","[28,48]","[19,39]","[21.2391067,23.785907899999998]","[105.6758987,90.40261015]",OWNER,Male
"[11,39]","[28,48]","[19,39]","[21.2391067,23.785907899999998]","[105.6758987,90.40261015]",OWNER,Female
"[11,39]","[28,48]","[19,39]","[21.2391067,23.785907899999998]","[105.6758987,90.40261015]",DISPONENT,Female
"[11,39]","[28,48]","[19,39]","[21.2391067,23.785907899999998]","[105.6758987,90.40261015]",OWNER,Female
"[11,39]","[28,48]","[19,39]","[21.2391067,23.785907899999998]","[105.6758987,90.40261015]",OWNER,Male
"[11,39]","[28,48]","[19,39]","[21.2391067,23.785907899999998]","[105.6758987,90.40261015]",OWNER,Female
"[11,39]","[28,48]","[19,39]","[21.2391067,23.785907899999998]","[105.6758987,90.40261015]",OWNER,Male
"[17,36]","[19,54]","[17,36]","[-0.639722,21.2391067]","[105.6758987,174.4279938]",OWNER,Male
"[17,36]","[19,54]","[17,36]","[-0.639722,21.2391067]","[105.6758987,174.4279938]",DISPONENT,Female
"[17,36]","[19,54]","[17,36]","[-0.639722,21.2391067]","[105.6758987,174.4279938]",DISPONENT,Male
"[17,36]","[19,54]","[17,36]","[-0.639722,21.2391067]","[105.6758987,174.4279938]",OWNER,Male
"[17,36]","[19,54]","[17,36]","[-0.639722,21.2391067]","[105.6758987,174.4279938]",OWNER,Female
"[17,36]","[19,54]","[17,36]","[-0.639722,21.2391067]","[105.6758987,174.4279938]",OWNER,Male
"[19,34]","[19,7]","[19,34]","[21.2391067,34.76436245]","[105.6758987,137.62649011075342]",OWNER,Male
"[19,34]","[19,7]","[19,34]","[21.2391067,34.76436245]","[105.6758987,137.62649011075342]",OWNER,Female
"[19,34]","[19,7]","[19,34]","[21.2391067,34.76436245]","[105.6758987,137.62649011075342]",DISPONENT,Female
"[19,34]","[19,7]","[19,34]","[21.2391067,34.76436245]","[105.6758987,137.62649011075342]",OWNER,Male
"[19,34]","[19,7]","[19,34]","[21.2391067,34.76436245]","[105.6758987,137.62649011075342]",OWNER,Male
"[19,34]","[19,7]","[19,34]","[21.2391067,34.76436245]","[105.6758987,137.62649011075342]",OWNER,Female
"[1,38]","[10,7]","[36,40]","[-15.2562603,21.2391067]","[105.6758987,167.151708]",OWNER,Male
"[1,38]","[10,7]","[36,40]","[-15.2562603,21.2391067]","[105.6758987,167.151708]",DISPONENT,Male
"[1,38]","[10,7]","[36,40]","[-15.2562603,21.2391067]","[105.6758987,167.151708]",OWNER,Female
"[1,38]","[10,7]","[36,40]","[-15.2562603,21.2391067]","[105.6758987,167.151708]",OWNER,Female
"[1,38]","[10,7]","[36,40]","[-15.2562603,21.2391067]","[105.6758987,167.151708]",OWNER,Male
"[1,38]","[10,7]","[36,40]","[-15.2562603,21.2391067]","[105.6758987,167.151708]",OWNER,Male
"[1,38]","[10,7]","[36,40]","[-15.2562603,21.2391067]","[105.6758987,167.151708]",OWNER,Female
"[12,40]","[11,54]","[38,74]","[21.2391067,34.76436245]","[105.6758987,137.62649011075342]",OWNER,Male
"[12,40]","[11,54]","[38,74]","[21.2391067,34.76436245]","[105.6758987,137.62649011075342]",DISPONENT,Male
"[12,40]","[11,54]","[38,74]","[21.2391067,34.76436245]","[105.6758987,137.62649011075342]",OWNER,Male
"[12,40]","[11,54]","[38,74]","[21.2391067,34.76436245]","[105.6758987,137.62649011075342]",OWNER,Female
"[12,40]","[11,54]","[38,74]","[21.2391067,34.76436245]","[105.6758987,137.62649011075342]",OWNER,Female
"[1,9]","[16,6]","[1,9]","[37.6241619,46.0272752]","[-112.1743657,-90.0577783]",OWNER,Male
"[1,9]","[16,6]","[1,9]","[37.6241619,46.0272752]","[-112.1743657,-90.0577783]",DISPONENT,Male
"[1,9]","[16,6]","[1,9]","[37.6241619,46.0272752]","[-112.1743657,-90.0577783]",OWNER,Male
"[1,9]","[16,6]","[1,9]","[37.6241619,46.0272752]","[-112.1743657,-90.0577783]",OWNER,Male
"[1,9]","[16,6]","[1,9]","[37.6241619,46.0272752]","[-112.1743657,-90.0577783]",OWNER,Male
"[1,9]","[16,6]","[1,9]","[37.6241619,46.0272752]","[-112.1743657,-90.0577783]",OWNER,Male
"[1,8]","[10,30]","[1,8]","[43.1900046,60.1927138]","[-1.2432926722107096,1.4175744]",OWNER,Female
"[1,8]","[10,30]","[1,8]","[43.1900046,60.1927138]","[-1.2432926722107096,1.4175744]",OWNER,Female
"[1,8]","[10,30]","[1,8]","[43.1900046,60.1927138]","[-1.2432926722107096,1.4175744]",OWNER,Female
"[1,8]","[10,30]","[1,8]","[43.1900046,60.1927138]","[-1.2432926722107096,1.4175744]",DISPONENT,Male
"[1,8]","[10,30]","[1,8]","[43.1900046,60.1927138]","[-1.2432926722107096,1.4175744]",OWNER,Female
"[1,8]","[10,30]","[1,8]","[43.1900046,60.1927138]","[-1.2432926722107096,1.4175744]",OWNER,Female
"[1,2]","[10,3]","[1,2]","[37.8701147,46.4067019]","[10.2524462,5.5479271]",OWNER,Male
"[1,2]","[10,3]","[1,2]","[37.8701147,46.4067019]","[10.2524462,5.5479271]",OWNER,Male
"[1,2]","[10,3]","[1,2]","[37.8701147,46.4067019]","[10.2524462,5.5479271]",OWNER,Female
"[1,2]","[10,3]","[1,2]","[37.8701147,46.4067019]","[10.2524462,5.5479271]",OWNER,Female
"[1,2]","[10,3]","[1,2]","[37.8701147,46.4067019]","[10.2524462,5.5479271]",OWNER,Female
"[1,2]","[10,3]","[1,2]","[37.8701147,46.4067019]","[10.2524462,5.5479271]",OWNER,Female
"[1,8]","[11,7]","[1,8]","[46.4456895,65.9917503]","[18.1652498,8.5909636]",OWNER,Female
"[1,8]","[11,7]","[1,8]","[46.4456895,65.9917503]","[18.1652498,8.5909636]",OWNER,Male
"[1,8]","[11,7]","[1,8]","[46.4456895,65.9917503]","[18.1652498,8.5909636]",OWNER,Female
"[1,8]","[11,7]","[1,8]","[46.4456895,65.9917503]","[18.1652498,8.5909636]",OWNER,Female
"[1,8]","[11,7]","[1,8]","[46.4456895,65.9917503]","[18.1652498,8.5909636]",OWNER,Female
"[1,8]","[11,7]","[1,8]","[46.4456895,65.9917503]","[18.1652498,8.5909636]",OWNER,Male
"[1,1]","[31,54]","[1,1]","[41.55567177346235,46.0272752]","[-112.192755,-84.80486282582908]",OWNER,Female
"[1,1]","[31,54]","[1,1]","[41.55567177346235,46.0272752]","[-112.192755,-84.80486282582908]",OWNER,Male
"[1,1]","[31,54]","[1,1]","[41.55567177346235,46.0272752]","[-112.192755,-84.80486282582908]",OWNER,Male
"[1,1]","[31,54]","[1,1]","[41.55567177346235,46.0272752]","[-112.192755,-84.80486282582908]",DISPONENT,Female
"[1,2]","[35,47]","[1,2]","[42.3417438,50.3675677]","[-0.33248,4.6512912]",DISPONENT,Female
"[1,2]","[35,47]","[1,2]","[42.3417438,50.3675677]","[-0.33248,4.6512912]",OWNER,Male
"[1,2]","[35,47]","[1,2]","[42.3417438,50.3675677]","[-0.33248,4.6512912]",OWNER,Female
"[1,2]","[35,47]","[1,2]","[42.3417438,50.3675677]","[-0.33248,4.6512912]",OWNER,Female
"[1,2]","[35,47]","[1,2]","[42.3417438,50.3675677]","[-0.33248,4.6512912]",DISPONENT,Female
"[3,9]","[36,44]","[1,9]","[38.872404551049875,51.4907819]","[-5.9201863,1.3729152]",OWNER,Male
"[3,9]","[36,44]","[1,9]","[38.872404551049875,51.4907819]","[-5.9201863,1.3729152]",OWNER,Male
"[3,9]","[36,44]","[1,9]","[38.872404551049875,51.4907819]","[-5.9201863,1.3729152]",OWNER,Female
"[3,9]","[36,44]","[1,9]","[38.872404551049875,51.4907819]","[-5.9201863,1.3729152]",OWNER,Male
"[3,9]","[36,44]","[1,9]","[38.872404551049875,51.4907819]","[-5.9201863,1.3729152]",OWNER,Male
"[1,8]","[30,53]","[1,8]","[42.4020525,49.2803369]","[12.871806244651292,8.5909636]",DISPONENT,Female
"[1,8]","[30,53]","[1,8]","[42.4020525,49.2803369]","[12.871806244651292,8.5909636]",DISPONENT,Male
"[1,8]","[30,53]","[1,8]","[42.4020525,49.2803369]","[12.871806244651292,8.5909636]",OWNER,Female
"[1,8]","[30,53]","[1,8]","[42.4020525,49.2803369]","[12.871806244651292,8.5909636]",OWNER,Female
"[1,8]","[30,53]","[1,8]","[42.4020525,49.2803369]","[12.871806244651292,8.5909636]",OWNER,Female
"[1,8]","[30,53]","[1,8]","[42.4020525,49.2803369]","[12.871806244651292,8.5909636]",OWNER,Female
"[1,8]","[30,53]","[1,8]","[42.4020525,49.2803369]","[12.871806244651292,8.5909636]",OWNER,Female
"[1,9]","[30,49]","[1,9]","[52.370336,65.9917503]","[19.8958197,4.8895215]",DISPONENT,Female
"[1,9]","[30,49]","[1,9]","[52.370336,65.9917503]","[19.8958197,4.8895215]",OWNER,Male
"[1,9]","[30,49]","[1,9]","[52.370336,65.9917503]","[19.8958197,4.8895215]",OWNER,Female
"[1,9]","[30,49]","[1,9]","[52.370336,65.9917503]","[19.8958197,4.8895215]",OWNER,Male
"[1,9]","[30,49]","[1,9]","[52.370336,65.9917503]","[19.8958197,4.8895215]",OWNER,Female
"[1,9]","[30,49]","[1,9]","[52.370336,65.9917503]","[19.8958197,4.8895215]",DISPONENT,Male
"[13,28]","[13,8]","[13,28]","[38.5439017,58.4855751]","[-112.192009,-90.0577783]",DISPONENT,Male
"[13,28]","[13,8]","[13,28]","[38.5439017,58.4855751]","[-112.192009,-90.0577783]",OWNER,Male
"[13,28]","[13,8]","[13,28]","[38.5439017,58.4855751]","[-112.192009,-90.0577783]",OWNER,Female
"[13,28]","[13,8]","[13,28]","[38.5439017,58.4855751]","[-112.192009,-90.0577783]",OWNER,Female
"[13,28]","[13,8]","[13,28]","[38.5439017,58.4855751]","[-112.192009,-90.0577783]",OWNER,Male
"[13,28]","[13,8]","[13,28]","[38.5439017,58.4855751]","[-112.192009,-90.0577783]",OWNER,Female
"[13,28]","[13,8]","[13,28]","[38.5439017,58.4855751]","[-112.192009,-90.0577783]",OWNER,Female
"[11,31]","[10,8]","[15,31]","[37.8465004,52.8243943]","[12.5075767,7.1805532]",OWNER,Female
"[11,31]","[10,8]","[15,31]","[37.8465004,52.8243943]","[12.5075767,7.1805532]",OWNER,Male
"[11,31]","[10,8]","[15,31]","[37.8465004,52.8243943]","[12.5075767,7.1805532]",OWNER,Male
"[11,31]","[10,8]","[15,31]","[37.8465004,52.8243943]","[12.5075767,7.1805532]",OWNER,Male
"[11,31]","[10,8]","[15,31]","[37.8465004,52.8243943]","[12.5075767,7.1805532]",OWNER,Male
"[11,31]","[10,8]","[15,31]","[37.8465004,52.8243943]","[12.5075767,7.1805532]",OWNER,Male
"[14,29]","[21,54]","[14,29]","[39.862921,52.1620973]","[-116.5759867,5.5479271]",OWNER,Male
"[14,29]","[21,54]","[14,29]","[39.862921,52.1620973]","[-116.5759867,5.5479271]",OWNER,Male
"[14,29]","[21,54]","[14,29]","[39.862921,52.1620973]","[-116.5759867,5.5479271]",DISPONENT,Male
"[14,29]","[21,54]","[14,29]","[39.862921,52.1620973]","[-116.5759867,5.5479271]",OWNER,Male
"[14,29]","[21,54]","[14,29]","[39.862921,52.1620973]","[-116.5759867,5.5479271]",DISPONENT,Male
"[14,29]","[21,54]","[14,29]","[39.862921,52.1620973]","[-116.5759867,5.5479271]",OWNER,Female
"[14,29]","[21,54]","[14,29]","[39.862921,52.1620973]","[-116.5759867,5.5479271]",OWNER,Male
"[13,22]","[19,55]","[12,22]","[45.856049,65.9917503]","[14.5843089,9.0752066]",OWNER,Male
"[13,22]","[19,55]","[12,22]","[45.856049,65.9917503]","[14.5843089,9.0752066]",OWNER,Female
"[13,22]","[19,55]","[12,22]","[45.856049,65.9917503]","[14.5843089,9.0752066]",OWNER,Female
"[13,22]","[19,55]","[12,22]","[45.856049,65.9917503]","[14.5843089,9.0752066]",OWNER,Female
"[13,22]","[19,55]","[12,22]","[45.856049,65.9917503]","[14.5843089,9.0752066]",OWNER,Male
"[13,22]","[19,55]","[12,22]","[45.856049,65.9917503]","[14.5843089,9.0752066]",OWNER,Male
"[1,34]","[11,6]","[32,52]","[38.87067216179654,47.1769164]","[-5.9201863,8.5909636]",OWNER,Male
"[1,34]","[11,6]","[32,52]","[38.87067216179654,47.1769164]","[-5.9201863,8.5909636]",DISPONENT,Female
"[1,34]","[11,6]","[32,52]","[38.87067216179654,47.1769164]","[-5.9201863,8.5909636]",OWNER,Female
"[1,34]","[11,6]","[32,52]","[38.87067216179654,47.1769164]","[-5.9201863,8.5909636]",DISPONENT,Male
"[1,34]","[11,6]","[32,52]","[38.87067216179654,47.1769164]","[-5.9201863,8.5909636]",OWNER,Female
"[1,34]","[11,6]","[32,52]","[38.87067216179654,47.1769164]","[-5.9201863,8.5909636]",OWNER,Female
"[1,34]","[11,6]","[32,52]","[38.87067216179654,47.1769164]","[-5.9201863,8.5909636]",OWNER,Male
"[1,34]","[40,52]","[31,54]","[44.0289536,51.4765067]","[-115.6106061,8.5909636]",DISPONENT,Female
"[1,34]","[40,52]","[31,54]","[44.0289536,51.4765067]","[-115.6106061,8.5909636]",OWNER,Female
"[1,34]","[40,52]","[31,54]","[44.0289536,51.4765067]","[-115.6106061,8.5909636]",DISPONENT,Male
"[1,34]","[40,52]","[31,54]","[44.0289536,51.4765067]","[-115.6106061,8.5909636]",OWNER,Female
"[1,34]","[40,52]","[31,54]","[44.0289536,51.4765067]","[-115.6106061,8.5909636]",OWNER,Female
"[1,34]","[40,52]","[31,54]","[44.0289536,51.4765067]","[-115.6106061,8.5909636]",OWNER,Male
"[36,40]","[12,9]","[36,40]","[37.4094105,51.46357805]","[-0.33248,8.5909636]",OWNER,Female
"[36,40]","[12,9]","[36,40]","[37.4094105,51.46357805]","[-0.33248,8.5909636]",DISPONENT,Male
"[36,40]","[12,9]","[36,40]","[37.4094105,51.46357805]","[-0.33248,8.5909636]",OWNER,Female
"[36,40]","[12,9]","[36,40]","[37.4094105,51.46357805]","[-0.33248,8.5909636]",DISPONENT,Female
"[36,40]","[12,9]","[36,40]","[37.4094105,51.46357805]","[-0.33248,8.5909636]",DISPONENT,Female
"[36,40]","[12,9]","[36,40]","[37.4094105,51.46357805]","[-0.33248,8.5909636]",DISPONENT,Male
"[36,40]","[12,9]","[36,40]","[37.4094105,51.46357805]","[-0.33248,8.5909636]",OWNER,Male
"[37,39]","[36,52]","[37,39]","[39.862921,63.8729927]","[-115.6106061,4.8895215]",DISPONENT,Female
"[37,39]","[36,52]","[37,39]","[39.862921,63.8729927]","[-115.6106061,4.8895215]",OWNER,Male
"[37,39]","[36,52]","[37,39]","[39.862921,63.8729927]","[-115.6106061,4.8895215]",OWNER,Female
"[37,39]","[36,52]","[37,39]","[39.862921,63.8729927]","[-115.6106061,4.8895215]",OWNER,Male
"[37,39]","[36,52]","[37,39]","[39.862921,63.8729927]","[-115.6106061,4.8895215]",DISPONENT,Male
"[37,39]","[36,52]","[37,39]","[39.862921,63.8729927]","[-115.6106061,4.8895215]",OWNER,Female
"[17,8]","[60,85]","[17,8]","[-17.1768881,-31.42239885]","[-53.83412901938374,-69.9796745]",DISPONENT,Female
"[17,8]","[60,85]","[17,8]","[-17.1768881,-31.42239885]","[-53.83412901938374,-69.9796745]",DISPONENT,Female
"[17,8]","[60,85]","[17,8]","[-17.1768881,-31.42239885]","[-53.83412901938374,-69.9796745]",OWNER,Male
"[17,8]","[60,85]","[17,8]","[-17.1768881,-31.42239885]","[-53.83412901938374,-69.9796745]",OWNER,Female
"[1,2]","[57,76]","[1,12]","[-16.34766235,16.8814665]","[-24.9890036,-69.9796745]",DISPONENT,Female
"[1,2]","[57,76]","[1,12]","[-16.34766235,16.8814665]","[-24.9890036,-69.9796745]",OWNER,Female
"[1,2]","[57,76]","[1,12]","[-16.34766235,16.8814665]","[-24.9890036,-69.9796745]",OWNER,Male
"[1,2]","[57,76]","[1,12]","[-16.34766235,16.8814665]","[-24.9890036,-69.9796745]",OWNER,Female
"[1,9]","[55,98]","[1,9]","[20.816415,36.10976315]","[-115.15799561955828,-82.3169059]",OWNER,Female
"[1,9]","[55,98]","[1,9]","[20.816415,36.10976315]","[-115.15799561955828,-82.3169059]",OWNER,Female
"[1,9]","[55,98]","[1,9]","[20.816415,36.10976315]","[-115.15799561955828,-82.3169059]",DISPONENT,Female
"[1,9]","[55,98]","[1,9]","[20.816415,36.10976315]","[-115.15799561955828,-82.3169059]",OWNER,Female
"[1,9]","[55,98]","[1,9]","[20.816415,36.10976315]","[-115.15799561955828,-82.3169059]",OWNER,Male
"[1,9]","[55,98]","[1,9]","[20.816415,36.10976315]","[-115.15799561955828,-82.3169059]",OWNER,Female
"[1,9]","[55,98]","[1,9]","[20.816415,36.10976315]","[-115.15799561955828,-82.3169059]",OWNER,Female
"[1,5]","[103,99]","[1,5]","[-0.9398412,16.4660399]","[100.3535398,80.6362193]",OWNER,Female
"[1,5]","[103,99]","[1,5]","[-0.9398412,16.4660399]","[100.3535398,80.6362193]",OWNER,Male
"[1,5]","[103,99]","[1,5]","[-0.9398412,16.4660399]","[100.3535398,80.6362193]",OWNER,Male
"[1,5]","[103,99]","[1,5]","[-0.9398412,16.4660399]","[100.3535398,80.6362193]",OWNER,Male
"[1,5]","[103,99]","[1,5]","[-0.9398412,16.4660399]","[100.3535398,80.6362193]",DISPONENT,Female
"[1,5]","[103,99]","[1,5]","[-0.9398412,16.4660399]","[100.3535398,80.6362193]",OWNER,Male
"[1,5]","[103,99]","[1,5]","[-0.9398412,16.4660399]","[100.3535398,80.6362193]",OWNER,Male
"[1,6]","[58,97]","[1,6]","[16.8814665,22.8176662]","[-24.9890036,70.8345928]",DISPONENT,Male
"[1,6]","[58,97]","[1,6]","[16.8814665,22.8176662]","[-24.9890036,70.8345928]",OWNER,Female
"[1,6]","[58,97]","[1,6]","[16.8814665,22.8176662]","[-24.9890036,70.8345928]",OWNER,Female
"[1,6]","[58,97]","[1,6]","[16.8814665,22.8176662]","[-24.9890036,70.8345928]",DISPONENT,Female
"[1,6]","[58,97]","[1,6]","[16.8814665,22.8176662]","[-24.9890036,70.8345928]",OWNER,Male
"[1,6]","[58,97]","[1,6]","[16.8814665,22.8176662]","[-24.9890036,70.8345928]",OWNER,Male
"[1,6]","[58,97]","[1,6]","[16.8814665,22.8176662]","[-24.9890036,70.8345928]",DISPONENT,Male
"[24,28]","[100,82]","[24,28]","[-30.5520078,-9.97261455]","[-41.185298,-67.811422151694]",OWNER,Male
"[24,28]","[100,82]","[24,28]","[-30.5520078,-9.97261455]","[-41.185298,-67.811422151694]",OWNER,Male
"[24,28]","[100,82]","[24,28]","[-30.5520078,-9.97261455]","[-41.185298,-67.811422151694]",OWNER,Female
"[24,28]","[100,82]","[24,28]","[-30.5520078,-9.97261455]","[-41.185298,-67.811422151694]",OWNER,Female
"[1,40]","[56,94]","[31,65]","[-13.4128326,-9.97261455]","[-67.811422151694,13.2321768]",OWNER,Male
"[1,40]","[56,94]","[31,65]","[-13.4128326,-9.97261455]","[-67.811422151694,13.2321768]",OWNER,Male
"[1,40]","[56,94]","[31,65]","[-13.4128326,-9.97261455]","[-67.811422151694,13.2321768]",OWNER,Female
"[1,40]","[56,94]","[31,65]","[-13.4128326,-9.97261455]","[-67.811422151694,13.2321768]",OWNER,Male
"[29,5]","[100,90]","[29,38]","[20.816415,36.10976315]","[-115.15799561955828,-82.3169059]",OWNER,Male
"[29,5]","[100,90]","[29,38]","[20.816415,36.10976315]","[-115.15799561955828,-82.3169059]",OWNER,Female
"[29,5]","[100,90]","[29,38]","[20.816415,36.10976315]","[-115.15799561955828,-82.3169059]",OWNER,Male
"[29,5]","[100,90]","[29,38]","[20.816415,36.10976315]","[-115.15799561955828,-82.3169059]",OWNER,Female
"[29,5]","[100,90]","[29,38]","[20.816415,36.10976315]","[-115.15799561955828,-82.3169059]",DISPONENT,Male
"[29,5]","[100,90]","[29,38]","[20.816415,36.10976315]","[-115.15799561955828,-82.3169059]",DISPONENT,Male
"[29,5]","[100,90]","[29,38]","[20.816415,36.10976315]","[-115.15799561955828,-82.3169059]",OWNER,Female
"[19,40]","[55,82]","[19,52]","[-33.9966839,3.7341097000000003]","[105.6758987,99.0967189]",OWNER,Male
"[19,40]","[55,82]","[19,52]","[-33.9966839,3.7341097000000003]","[105.6758987,99.0967189]",DISPONENT,Female
"[19,40]","[55,82]","[19,52]","[-33.9966839,3.7341097000000003]","[105.6758987,99.0967189]",OWNER,Female
"[19,40]","[55,82]","[19,52]","[-33.9966839,3.7341097000000003]","[105.6758987,99.0967189]",OWNER,Male
"[19,40]","[55,82]","[19,52]","[-33.9966839,3.7341097000000003]","[105.6758987,99.0967189]",DISPONENT,Male
"[19,40]","[55,82]","[19,52]","[-33.9966839,3.7341097000000003]","[105.6758987,99.0967189]",OWNER,Male
"[19,40]","[55,82]","[19,52]","[-33.9966839,3.7341097000000003]","[105.6758987,99.0967189]",OWNER,Female
"[19,40]","[55,82]","[19,52]","[-33.9966839,3.7341097000000003]","[105.6758987,99.0967189]",DISPONENT,Female
"[17,36]","[58,91]","[20,44]","[21.2391067,28.4848309]","[105.6758987,33.5535545]",OWNER,Female
"[17,36]","[58,91]","[20,44]","[21.2391067,28.4848309]","[105.6758987,33.5535545]",OWNER,Female
"[17,36]","[58,91]","[20,44]","[21.2391067,28.4848309]","[105.6758987,33.5535545]",DISPONENT,Female
"[17,36]","[58,91]","[20,44]","[21.2391067,28.4848309]","[105.6758987,33.5535545]",OWNER,Male
"[17,36]","[58,91]","[20,44]","[21.2391067,28.4848309]","[105.6758987,33.5535545]",OWNER,Female
"[17,36]","[58,91]","[20,44]","[21.2391067,28.4848309]","[105.6758987,33.5535545]",OWNER,Male
"[1,7]","[102,90]","[1,7]","[-0.639722,13.760825]","[116.0054635,174.4279938]",OWNER,Female
"[1,7]","[102,90]","[1,7]","[-0.639722,13.760825]","[116.0054635,174.4279938]",OWNER,Female
"[1,7]","[102,90]","[1,7]","[-0.639722,13.760825]","[116.0054635,174.4279938]",OWNER,Female
"[1,7]","[102,90]","[1,7]","[-0.639722,13.760825]","[116.0054635,174.4279938]",OWNER,Female
"[1,7]","[102,90]","[1,7]","[-0.639722,13.760825]","[116.0054635,174.4279938]",OWNER,Male
"[1,7]","[102,90]","[1,7]","[-0.639722,13.760825]","[116.0054635,174.4279938]",OWNER,Female
"[1,5]","[85,90]","[1,5]","[14.845803,21.2391067]","[105.6758987,121.092571]",OWNER,Female
"[1,5]","[85,90]","[1,5]","[14.845803,21.2391067]","[105.6758987,121.092571]",OWNER,Female
"[1,5]","[85,90]","[1,5]","[14.845803,21.2391067]","[105.6758987,121.092571]",OWNER,Female
"[1,5]","[85,90]","[1,5]","[14.845803,21.2391067]","[105.6758987,121.092571]",DISPONENT,Male
"[1,5]","[85,90]","[1,5]","[14.845803,21.2391067]","[105.6758987,121.092571]",OWNER,Male
"[19,37]","[62,95]","[19,37]","[-0.639722,-34.8144057]","[138.6736669,174.4279938]",OWNER,Female
"[19,37]","[62,95]","[19,37]","[-0.639722,-34.8144057]","[138.6736669,174.4279938]",OWNER,Male
"[19,37]","[62,95]","[19,37]","[-0.639722,-34.8144057]","[138.6736669,174.4279938]",OWNER,Male
"[19,37]","[62,95]","[19,37]","[-0.639722,-34.8144057]","[138.6736669,174.4279938]",OWNER,Female
"[19,37]","[62,95]","[19,37]","[-0.639722,-34.8144057]","[138.6736669,174.4279938]",OWNER,Female
"[29,5]","[66,89]","[29,49]","[-0.639722,21.2391067]","[105.6758987,174.4279938]",OWNER,Male
"[29,5]","[66,89]","[29,49]","[-0.639722,21.2391067]","[105.6758987,174.4279938]",OWNER,Male
"[29,5]","[66,89]","[29,49]","[-0.639722,21.2391067]","[105.6758987,174.4279938]",OWNER,Male
"[29,5]","[66,89]","[29,49]","[-0.639722,21.2391067]","[105.6758987,174.4279938]",OWNER,Female
"[29,5]","[66,89]","[29,49]","[-0.639722,21.2391067]","[105.6758987,174.4279938]",OWNER,Female
"[29,5]","[66,89]","[29,49]","[-0.639722,21.2391067]","[105.6758987,174.4279938]",DISPONENT,Male
"[1,3]","[62,86]","[1,3]","[34.76436245,35.6468662]","[137.62649011075342,139.7435795]",OWNER,Male
"[1,3]","[62,86]","[1,3]","[34.76436245,35.6468662]","[137.62649011075342,139.7435795]",OWNER,Female
"[1,3]","[62,86]","[1,3]","[34.76436245,35.6468662]","[137.62649011075342,139.7435795]",OWNER,Male
"[1,3]","[62,86]","[1,3]","[34.76436245,35.6468662]","[137.62649011075342,139.7435795]",OWNER,Female
"[1,3]","[62,86]","[1,3]","[34.76436245,35.6468662]","[137.62649011075342,139.7435795]",OWNER,Female
"[1,3]","[62,86]","[1,3]","[34.76436245,35.6468662]","[137.62649011075342,139.7435795]",OWNER,Female
"[1,9]","[100,99]","[1,9]","[21.2391067,35.6468662]","[105.6758987,139.7435795]",OWNER,Female
"[1,9]","[100,99]","[1,9]","[21.2391067,35.6468662]","[105.6758987,139.7435795]",OWNER,Male
"[1,9]","[100,99]","[1,9]","[21.2391067,35.6468662]","[105.6758987,139.7435795]",OWNER,Female
"[1,9]","[100,99]","[1,9]","[21.2391067,35.6468662]","[105.6758987,139.7435795]",OWNER,Male
"[1,9]","[100,99]","[1,9]","[21.2391067,35.6468662]","[105.6758987,139.7435795]",OWNER,Female
"[1,9]","[100,99]","[1,9]","[21.2391067,35.6468662]","[105.6758987,139.7435795]",OWNER,Female
"[19,37]","[61,94]","[19,37]","[21.2391067,34.76436245]","[105.6758987,137.62649011075342]",OWNER,Female
"[19,37]","[61,94]","[19,37]","[21.2391067,34.76436245]","[105.6758987,137.62649011075342]",OWNER,Male
"[19,37]","[61,94]","[19,37]","[21.2391067,34.76436245]","[105.6758987,137.62649011075342]",OWNER,Male
"[19,37]","[61,94]","[19,37]","[21.2391067,34.76436245]","[105.6758987,137.62649011075342]",DISPONENT,Female
"[19,37]","[61,94]","[19,37]","[21.2391067,34.76436245]","[105.6758987,137.62649011075342]",OWNER,Female
"[19,37]","[61,94]","[19,37]","[21.2391067,34.76436245]","[105.6758987,137.62649011075342]",OWNER,Female
"[21,31]","[100,97]","[21,31]","[21.2391067,35.66317585]","[105.6758987,139.66232083183405]",OWNER,Female
"[21,31]","[100,97]","[21,31]","[21.2391067,35.66317585]","[105.6758987,139.66232083183405]",DISPONENT,Male
"[21,31]","[100,97]","[21,31]","[21.2391067,35.66317585]","[105.6758987,139.66232083183405]",DISPONENT,Female
"[21,31]","[100,97]","[21,31]","[21.2391067,35.66317585]","[105.6758987,139.66232083183405]",OWNER,Male
"[21,31]","[100,97]","[21,31]","[21.2391067,35.66317585]","[105.6758987,139.66232083183405]",OWNER,Male
"[1,5]","[58,75]","[1,5]","[46.33218015,60.1927138]","[-1.2432926722107096,3.0804641]",OWNER,Female
"[1,5]","[58,75]","[1,5]","[46.33218015,60.1927138]","[-1.2432926722107096,3.0804641]",OWNER,Male
"[1,5]","[58,75]","[1,5]","[46.33218015,60.1927138]","[-1.2432926722107096,3.0804641]",OWNER,Male
"[1,5]","[58,75]","[1,5]","[46.33218015,60.1927138]","[-1.2432926722107096,3.0804641]",OWNER,Male
"[1,5]","[58,75]","[1,5]","[46.33218015,60.1927138]","[-1.2432926722107096,3.0804641]",OWNER,Female
"[1,5]","[58,75]","[1,5]","[46.33218015,60.1927138]","[-1.2432926722107096,3.0804641]",OWNER,Female
"[1,5]","[58,75]","[1,5]","[46.33218015,60.1927138]","[-1.2432926722107096,3.0804641]",DISPONENT,Male
"[11,9]","[57,69]","[1,9]","[38.732473,51.1550942]","[-116.055064,1.4175744]",DISPONENT,Female
"[11,9]","[57,69]","[1,9]","[38.732473,51.1550942]","[-116.055064,1.4175744]",DISPONENT,Male
"[11,9]","[57,69]","[1,9]","[38.732473,51.1550942]","[-116.055064,1.4175744]",DISPONENT,Female
"[11,9]","[57,69]","[1,9]","[38.732473,51.1550942]","[-116.055064,1.4175744]",OWNER,Female
"[11,9]","[57,69]","[1,9]","[38.732473,51.1550942]","[-116.055064,1.4175744]",OWNER,Female
"[11,9]","[57,69]","[1,9]","[38.732473,51.1550942]","[-116.055064,1.4175744]",OWNER,Female
"[1,4]","[77,93]","[1,4]","[37.891891304761906,47.761104]","[-111.043401,-97.834787]",DISPONENT,Female
"[1,4]","[77,93]","[1,4]","[37.891891304761906,47.761104]","[-111.043401,-97.834787]",OWNER,Male
"[1,4]","[77,93]","[1,4]","[37.891891304761906,47.761104]","[-111.043401,-97.834787]",OWNER,Female
"[1,4]","[77,93]","[1,4]","[37.891891304761906,47.761104]","[-111.043401,-97.834787]",OWNER,Male
"[1,4]","[77,93]","[1,4]","[37.891891304761906,47.761104]","[-111.043401,-97.834787]",OWNER,Male
"[1,4]","[77,93]","[1,4]","[37.891891304761906,47.761104]","[-111.043401,-97.834787]",OWNER,Male
"[1,4]","[77,93]","[1,4]","[37.891891304761906,47.761104]","[-111.043401,-97.834787]",OWNER,Male
"[1,9]","[100,93]","[1,9]","[39.862921,58.4855751]","[-0.33248,1.4175744]",DISPONENT,Male
"[1,9]","[100,93]","[1,9]","[39.862921,58.4855751]","[-0.33248,1.4175744]",OWNER,Female
"[1,9]","[100,93]","[1,9]","[39.862921,58.4855751]","[-0.33248,1.4175744]",OWNER,Male
"[1,9]","[100,93]","[1,9]","[39.862921,58.4855751]","[-0.33248,1.4175744]",OWNER,Female
"[1,9]","[100,93]","[1,9]","[39.862921,58.4855751]","[-0.33248,1.4175744]",OWNER,Female
"[1,9]","[100,93]","[1,9]","[39.862921,58.4855751]","[-0.33248,1.4175744]",OWNER,Male
"[1,1]","[61,77]","[1,1]","[45.3668603,61.7019796]","[4.1273953,8.994550726167361]",OWNER,Female
"[1,1]","[61,77]","[1,1]","[45.3668603,61.7019796]","[4.1273953,8.994550726167361]",OWNER,Male
"[1,1]","[61,77]","[1,1]","[45.3668603,61.7019796]","[4.1273953,8.994550726167361]",DISPONENT,Male
"[1,1]","[61,77]","[1,1]","[45.3668603,61.7019796]","[4.1273953,8.994550726167361]",OWNER,Female
"[1,3]","[71,79]","[1,3]","[45.4138584,63.8729927]","[10.2524462,6.3609731]",DISPONENT,Female
"[1,3]","[71,79]","[1,3]","[45.4138584,63.8729927]","[10.2524462,6.3609731]",OWNER,Male
"[1,3]","[71,79]","[1,3]","[45.4138584,63.8729927]","[10.2524462,6.3609731]",OWNER,Male
"[1,3]","[71,79]","[1,3]","[45.4138584,63.8729927]","[10.2524462,6.3609731]",DISPONENT,Female
"[1,3]","[71,79]","[1,3]","[45.4138584,63.8729927]","[10.2524462,6.3609731]",OWNER,Male
"[12,6]","[58,75]","[1,6]","[42.4020525,64.2190881]","[19.0392209,4.1273953]",OWNER,Female
"[12,6]","[58,75]","[1,6]","[42.4020525,64.2190881]","[19.0392209,4.1273953]",OWNER,Male
"[12,6]","[58,75]","[1,6]","[42.4020525,64.2190881]","[19.0392209,4.1273953]",OWNER,Male
"[12,6]","[58,75]","[1,6]","[42.4020525,64.2190881]","[19.0392209,4.1273953]",OWNER,Female
"[1,8]","[84,96]","[1,8]","[37.8381386,49.5385243]","[10.2524462,5.6929962]",OWNER,Female
"[1,8]","[84,96]","[1,8]","[37.8381386,49.5385243]","[10.2524462,5.6929962]",DISPONENT,Female
"[1,8]","[84,96]","[1,8]","[37.8381386,49.5385243]","[10.2524462,5.6929962]",OWNER,Female
"[1,8]","[84,96]","[1,8]","[37.8381386,49.5385243]","[10.2524462,5.6929962]",OWNER,Female
"[1,8]","[84,96]","[1,8]","[37.8381386,49.5385243]","[10.2524462,5.6929962]",DISPONENT,Male
"[1,8]","[84,96]","[1,8]","[37.8381386,49.5385243]","[10.2524462,5.6929962]",OWNER,Male
"[1,8]","[84,96]","[1,8]","[37.8381386,49.5385243]","[10.2524462,5.6929962]",OWNER,Male
"[1,9]","[100,96]","[1,9]","[49.9163758,63.8729927]","[12.1339058,5.3496353]",OWNER,Male
"[1,9]","[100,96]","[1,9]","[49.9163758,63.8729927]","[12.1339058,5.3496353]",DISPONENT,Female
"[1,9]","[100,96]","[1,9]","[49.9163758,63.8729927]","[12.1339058,5.3496353]",OWNER,Female
"[1,9]","[100,96]","[1,9]","[49.9163758,63.8729927]","[12.1339058,5.3496353]",OWNER,Male
"[1,9]","[100,96]","[1,9]","[49.9163758,63.8729927]","[12.1339058,5.3496353]",OWNER,Female
"[1,9]","[100,96]","[1,9]","[49.9163758,63.8729927]","[12.1339058,5.3496353]",OWNER,Female
"[14,21]","[56,80]","[14,21]","[38.5439017,49.6002339]","[-2.2774515500000003,6.1345722]",OWNER,Male
"[14,21]","[56,80]","[14,21]","[38.5439017,49.6002339]","[-2.2774515500000003,6.1345722]",OWNER,Male
"[14,21]","[56,80]","[14,21]","[38.5439017,49.6002339]","[-2.2774515500000003,6.1345722]",OWNER,Male
"[14,21]","[56,80]","[14,21]","[38.5439017,49.6002339]","[-2.2774515500000003,6.1345722]",DISPONENT,Female
"[14,21]","[56,80]","[14,21]","[38.5439017,49.6002339]","[-2.2774515500000003,6.1345722]",OWNER,Female
"[14,21]","[56,80]","[14,21]","[38.5439017,49.6002339]","[-2.2774515500000003,6.1345722]",DISPONENT,Female
"[14,21]","[56,80]","[14,21]","[38.5439017,49.6002339]","[-2.2774515500000003,6.1345722]",OWNER,Female
"[13,21]","[56,83]","[13,21]","[45.3561539,65.9917503]","[15.805707,8.1703266]",OWNER,Female
"[13,21]","[56,83]","[13,21]","[45.3561539,65.9917503]","[15.805707,8.1703266]",DISPONENT,Male
"[13,21]","[56,83]","[13,21]","[45.3561539,65.9917503]","[15.805707,8.1703266]",OWNER,Female
"[13,21]","[56,83]","[13,21]","[45.3561539,65.9917503]","[15.805707,8.1703266]",OWNER,Male
"[13,21]","[56,83]","[13,21]","[45.3561539,65.9917503]","[15.805707,8.1703266]",OWNER,Male
"[13,21]","[56,83]","[13,21]","[45.3561539,65.9917503]","[15.805707,8.1703266]",OWNER,Female
"[18,26]","[101,94]","[18,26]","[37.4094105,58.4865234]","[-111.74914579093529,-84.80486282582908]",OWNER,Male
"[18,26]","[101,94]","[18,26]","[37.4094105,58.4865234]","[-111.74914579093529,-84.80486282582908]",OWNER,Female
"[18,26]","[101,94]","[18,26]","[37.4094105,58.4865234]","[-111.74914579093529,-84.80486282582908]",OWNER,Male
"[18,26]","[101,94]","[18,26]","[37.4094105,58.4865234]","[-111.74914579093529,-84.80486282582908]",OWNER,Female
"[18,26]","[101,94]","[18,26]","[37.4094105,58.4865234]","[-111.74914579093529,-84.80486282582908]",OWNER,Female
"[18,26]","[101,94]","[18,26]","[37.4094105,58.4865234]","[-111.74914579093529,-84.80486282582908]",OWNER,Female
"[15,24]","[102,94]","[15,24]","[41.0082723,56.5704204]","[-5.9201863,8.5909636]",OWNER,Male
"[15,24]","[102,94]","[15,24]","[41.0082723,56.5704204]","[-5.9201863,8.5909636]",OWNER,Male
"[15,24]","[102,94]","[15,24]","[41.0082723,56.5704204]","[-5.9201863,8.5909636]",OWNER,Male
"[15,24]","[102,94]","[15,24]","[41.0082723,56.5704204]","[-5.9201863,8.5909636]",OWNER,Female
"[15,24]","[102,94]","[15,24]","[41.0082723,56.5704204]","[-5.9201863,8.5909636]",OWNER,Female
"[15,24]","[102,94]","[15,24]","[41.0082723,56.5704204]","[-5.9201863,8.5909636]",OWNER,Female
"[27,36]","[100,97]","[27,36]","[40.577096,65.2877564]","[-123.0111111,-88.822156]",OWNER,Female
"[27,36]","[100,97]","[27,36]","[40.577096,65.2877564]","[-123.0111111,-88.822156]",OWNER,Male
"[27,36]","[100,97]","[27,36]","[40.577096,65.2877564]","[-123.0111111,-88.822156]",OWNER,Male
"[27,36]","[100,97]","[27,36]","[40.577096,65.2877564]","[-123.0111111,-88.822156]",OWNER,Female
"[27,36]","[100,97]","[27,36]","[40.577096,65.2877564]","[-123.0111111,-88.822156]",OWNER,Male
"[27,36]","[100,97]","[27,36]","[40.577096,65.2877564]","[-123.0111111,-88.822156]",OWNER,Male
"[27,36]","[100,97]","[27,36]","[40.577096,65.2877564]","[-123.0111111,-88.822156]",OWNER,Male
"[26,36]","[66,92]","[26,36]","[43.5893631,52.370336]","[10.2524462,9.1983435]",OWNER,Male
"[26,36]","[66,92]","[26,36]","[43.5893631,52.370336]","[10.2524462,9.1983435]",OWNER,Female
"[26,36]","[66,92]","[26,36]","[43.5893631,52.370336]","[10.2524462,9.1983435]",OWNER,Female
"[26,36]","[66,92]","[26,36]","[43.5893631,52.370336]","[10.2524462,9.1983435]",OWNER,Female
"[26,36]","[66,92]","[26,36]","[43.5893631,52.370336]","[10.2524462,9.1983435]",OWNER,Male
"[26,36]","[66,92]","[26,36]","[43.5893631,52.370336]","[10.2524462,9.1983435]",DISPONENT,Male
"[1,38]","[102,91]","[37,75]","[39.862921,60.1927138]","[-1.2432926722107096,20.3235369]",DISPONENT,Male
"[1,38]","[102,91]","[37,75]","[39.862921,60.1927138]","[-1.2432926722107096,20.3235369]",OWNER,Male
"[1,38]","[102,91]","[37,75]","[39.862921,60.1927138]","[-1.2432926722107096,20.3235369]",OWNER,Female
"[1,38]","[102,91]","[37,75]","[39.862921,60.1927138]","[-1.2432926722107096,20.3235369]",OWNER,Male
"[1,38]","[102,91]","[37,75]","[39.862921,60.1927138]","[-1.2432926722107096,20.3235369]",OWNER,Male
"[1,38]","[102,91]","[37,75]","[39.862921,60.1927138]","[-1.2432926722107096,20.3235369]",OWNER,Male
"[38,41]","[62,94]","[38,41]","[38.5439017,54.56474755]","[-1.1644591637155153,5.128026]",OWNER,Male
"[38,41]","[62,94]","[38,41]","[38.5439017,54.56474755]","[-1.1644591637155153,5.128026]",OWNER,Female
"[38,41]","[62,94]","[38,41]","[38.5439017,54.56474755]","[-1.1644591637155153,5.128026]",OWNER,Female
"[38,41]","[62,94]","[38,41]","[38.5439017,54.56474755]","[-1.1644591637155153,5.128026]",OWNER,Female
"[38,41]","[62,94]","[38,41]","[38.5439017,54.56474755]","[-1.1644591637155153,5.128026]",OWNER,Female
"[38,41]","[62,94]","[38,41]","[38.5439017,54.56474755]","[-1.1644591637155153,5.128026]",OWNER,Male
"[38,41]","[62,94]","[38,41]","[38.5439017,54.56474755]","[-1.1644591637155153,5.128026]",OWNER,Male
"[46,60]","[39,5]","[1,7]","[-0.9398412,21.2391067]","[-40.3794242,105.6758987]",OWNER,Female
"[46,60]","[39,5]","[1,7]","[-0.9398412,21.2391067]","[-40.3794242,105.6758987]",OWNER,Male
"[46,60]","[39,5]","[1,7]","[-0.9398412,21.2391067]","[-40.3794242,105.6758987]",OWNER,Female
"[46,60]","[39,5]","[1,7]","[-0.9398412,21.2391067]","[-40.3794242,105.6758987]",OWNER,Male
"[41,49]","[17,8]","[41,49]","[-33.9966839,21.2391067]","[-42.776589216171,80.6362193]",OWNER,Female
"[41,49]","[17,8]","[41,49]","[-33.9966839,21.2391067]","[-42.776589216171,80.6362193]",OWNER,Male
"[41,49]","[17,8]","[41,49]","[-33.9966839,21.2391067]","[-42.776589216171,80.6362193]",OWNER,Male
"[41,49]","[17,8]","[41,49]","[-33.9966839,21.2391067]","[-42.776589216171,80.6362193]",OWNER,Female
"[41,48]","[13,7]","[41,48]","[21.2391067,39.862921]","[-108.50606284392546,70.8345928]",DISPONENT,Female
"[41,48]","[13,7]","[41,48]","[21.2391067,39.862921]","[-108.50606284392546,70.8345928]",OWNER,Female
"[41,48]","[13,7]","[41,48]","[21.2391067,39.862921]","[-108.50606284392546,70.8345928]",OWNER,Male
"[41,48]","[13,7]","[41,48]","[21.2391067,39.862921]","[-108.50606284392546,70.8345928]",OWNER,Female
"[41,48]","[13,7]","[41,48]","[21.2391067,39.862921]","[-108.50606284392546,70.8345928]",OWNER,Male
"[41,48]","[13,7]","[41,48]","[21.2391067,39.862921]","[-108.50606284392546,70.8345928]",OWNER,Female
"[41,48]","[13,7]","[41,48]","[21.2391067,39.862921]","[-108.50606284392546,70.8345928]",OWNER,Female
"[49,59]","[20,7]","[49,59]","[-13.6713386,14.7117921]","[-60.6978231,99.0967189]",DISPONENT,Male
"[49,59]","[20,7]","[49,59]","[-13.6713386,14.7117921]","[-60.6978231,99.0967189]",DISPONENT,Male
"[49,59]","[20,7]","[49,59]","[-13.6713386,14.7117921]","[-60.6978231,99.0967189]",OWNER,Female
"[49,59]","[20,7]","[49,59]","[-13.6713386,14.7117921]","[-60.6978231,99.0967189]",DISPONENT,Female
"[54,60]","[26,36]","[54,60]","[16.8814665,30.1728021]","[-24.9890036,76.0579097]",OWNER,Female
"[54,60]","[26,36]","[54,60]","[16.8814665,30.1728021]","[-24.9890036,76.0579097]",OWNER,Female
"[54,60]","[26,36]","[54,60]","[16.8814665,30.1728021]","[-24.9890036,76.0579097]",DISPONENT,Female
"[54,60]","[26,36]","[54,60]","[16.8814665,30.1728021]","[-24.9890036,76.0579097]",OWNER,Female
"[50,60]","[15,46]","[50,60]","[33.9155475,36.10976315]","[-115.15799561955828,-118.1855016]",OWNER,Female
"[50,60]","[15,46]","[50,60]","[33.9155475,36.10976315]","[-115.15799561955828,-118.1855016]",DISPONENT,Female
"[50,60]","[15,46]","[50,60]","[33.9155475,36.10976315]","[-115.15799561955828,-118.1855016]",OWNER,Female
"[50,60]","[15,46]","[50,60]","[33.9155475,36.10976315]","[-115.15799561955828,-118.1855016]",OWNER,Female
"[50,55]","[22,35]","[50,55]","[30.537341864572813,41.1385935]","[-115.15799561955828,12.5075767]",OWNER,Male
"[50,55]","[22,35]","[50,55]","[30.537341864572813,41.1385935]","[-115.15799561955828,12.5075767]",OWNER,Female
"[50,55]","[22,35]","[50,55]","[30.537341864572813,41.1385935]","[-115.15799561955828,12.5075767]",OWNER,Female
"[50,55]","[22,35]","[50,55]","[30.537341864572813,41.1385935]","[-115.15799561955828,12.5075767]",OWNER,Male
"[42,74]","[23,9]","[1,46]","[-0.639722,34.76436245]","[116.0054635,174.4279938]",OWNER,Female
"[42,74]","[23,9]","[1,46]","[-0.639722,34.76436245]","[116.0054635,174.4279938]",OWNER,Male
"[42,74]","[23,9]","[1,46]","[-0.639722,34.76436245]","[116.0054635,174.4279938]",OWNER,Female
"[42,74]","[23,9]","[1,46]","[-0.639722,34.76436245]","[116.0054635,174.4279938]",OWNER,Male
"[42,74]","[23,9]","[1,46]","[-0.639722,34.76436245]","[116.0054635,174.4279938]",DISPONENT,Male
"[50,53]","[12,7]","[50,53]","[-15.2562603,21.2391067]","[105.6758987,167.151708]",DISPONENT,Female
"[50,53]","[12,7]","[50,53]","[-15.2562603,21.2391067]","[105.6758987,167.151708]",OWNER,Male
"[50,53]","[12,7]","[50,53]","[-15.2562603,21.2391067]","[105.6758987,167.151708]",OWNER,Male
"[50,53]","[12,7]","[50,53]","[-15.2562603,21.2391067]","[105.6758987,167.151708]",OWNER,Female
"[50,53]","[12,7]","[50,53]","[-15.2562603,21.2391067]","[105.6758987,167.151708]",DISPONENT,Male
"[53,59]","[21,41]","[53,59]","[-0.639722,13.760825]","[121.0627507,174.4279938]",DISPONENT,Male
"[53,59]","[21,41]","[53,59]","[-0.639722,13.760825]","[121.0627507,174.4279938]",OWNER,Female
"[53,59]","[21,41]","[53,59]","[-0.639722,13.760825]","[121.0627507,174.4279938]",OWNER,Male
"[53,59]","[21,41]","[53,59]","[-0.639722,13.760825]","[121.0627507,174.4279938]",OWNER,Male
"[53,59]","[21,41]","[53,59]","[-0.639722,13.760825]","[121.0627507,174.4279938]",OWNER,Female
"[53,59]","[21,41]","[53,59]","[-0.639722,13.760825]","[121.0627507,174.4279938]",OWNER,Female
"[54,59]","[19,55]","[54,59]","[21.2391067,34.76436245]","[105.6758987,137.62649011075342]",DISPONENT,Female
"[54,59]","[19,55]","[54,59]","[21.2391067,34.76436245]","[105.6758987,137.62649011075342]",OWNER,Female
"[54,59]","[19,55]","[54,59]","[21.2391067,34.76436245]","[105.6758987,137.62649011075342]",OWNER,Female
"[54,59]","[19,55]","[54,59]","[21.2391067,34.76436245]","[105.6758987,137.62649011075342]",OWNER,Male
"[54,59]","[19,55]","[54,59]","[21.2391067,34.76436245]","[105.6758987,137.62649011075342]",OWNER,Male
"[43,59]","[14,53]","[1,7]","[44.011649199999994,65.9917503]","[-62.708648,8.5909636]",DISPONENT,Female
"[43,59]","[14,53]","[1,7]","[44.011649199999994,65.9917503]","[-62.708648,8.5909636]",OWNER,Female
"[43,59]","[14,53]","[1,7]","[44.011649199999994,65.9917503]","[-62.708648,8.5909636]",OWNER,Male
"[43,59]","[14,53]","[1,7]","[44.011649199999994,65.9917503]","[-62.708648,8.5909636]",DISPONENT,Male
"[43,59]","[14,53]","[1,7]","[44.011649199999994,65.9917503]","[-62.708648,8.5909636]",DISPONENT,Female
"[43,59]","[14,53]","[1,7]","[44.011649199999994,65.9917503]","[-62.708648,8.5909636]",OWNER,Male
"[42,43]","[29,50]","[42,43]","[42.150006,63.8729927]","[-0.1247769,19.8958197]",OWNER,Female
"[42,43]","[29,50]","[42,43]","[42.150006,63.8729927]","[-0.1247769,19.8958197]",DISPONENT,Male
"[42,43]","[29,50]","[42,43]","[42.150006,63.8729927]","[-0.1247769,19.8958197]",OWNER,Male
"[42,43]","[29,50]","[42,43]","[42.150006,63.8729927]","[-0.1247769,19.8958197]",OWNER,Female
"[42,43]","[29,50]","[42,43]","[42.150006,63.8729927]","[-0.1247769,19.8958197]",OWNER,Male
"[42,43]","[29,50]","[42,43]","[42.150006,63.8729927]","[-0.1247769,19.8958197]",OWNER,Female
"[45,72]","[14,7]","[45,48]","[43.205189,64.6526281]","[-1.6933136,8.7240713]",OWNER,Female
"[45,72]","[14,7]","[45,48]","[43.205189,64.6526281]","[-1.6933136,8.7240713]",DISPONENT,Female
"[45,72]","[14,7]","[45,48]","[43.205189,64.6526281]","[-1.6933136,8.7240713]",OWNER,Male
"[45,72]","[14,7]","[45,48]","[43.205189,64.6526281]","[-1.6933136,8.7240713]",OWNER,Female
"[45,72]","[14,7]","[45,48]","[43.205189,64.6526281]","[-1.6933136,8.7240713]",DISPONENT,Male
"[45,72]","[14,7]","[45,48]","[43.205189,64.6526281]","[-1.6933136,8.7240713]",OWNER,Female
"[44,50]","[35,52]","[44,50]","[41.4520925,49.9163758]","[-84.80508836324131,2.238475]",OWNER,Male
"[44,50]","[35,52]","[44,50]","[41.4520925,49.9163758]","[-84.80508836324131,2.238475]",OWNER,Male
"[44,50]","[35,52]","[44,50]","[41.4520925,49.9163758]","[-84.80508836324131,2.238475]",DISPONENT,Male
"[44,50]","[35,52]","[44,50]","[41.4520925,49.9163758]","[-84.80508836324131,2.238475]",OWNER,Female
"[44,50]","[35,52]","[44,50]","[41.4520925,49.9163758]","[-84.80508836324131,2.238475]",OWNER,Female
"[44,50]","[35,52]","[44,50]","[41.4520925,49.9163758]","[-84.80508836324131,2.238475]",OWNER,Female
"[53,60]","[13,8]","[53,60]","[45.74596,52.1193963]","[-0.4676852,4.2066963]",OWNER,Male
"[53,60]","[13,8]","[53,60]","[45.74596,52.1193963]","[-0.4676852,4.2066963]",OWNER,Male
"[53,60]","[13,8]","[53,60]","[45.74596,52.1193963]","[-0.4676852,4.2066963]",DISPONENT,Female
"[53,60]","[13,8]","[53,60]","[45.74596,52.1193963]","[-0.4676852,4.2066963]",DISPONENT,Male
"[53,60]","[13,8]","[53,60]","[45.74596,52.1193963]","[-0.4676852,4.2066963]",DISPONENT,Male
"[53,60]","[13,8]","[53,60]","[45.74596,52.1193963]","[-0.4676852,4.2066963]",OWNER,Male
"[53,60]","[13,8]","[53,60]","[45.74596,52.1193963]","[-0.4676852,4.2066963]",OWNER,Female
"[52,58]","[10,4]","[52,58]","[42.4020525,65.8880514]","[15.805707,38.863526724614786]",OWNER,Female
"[52,58]","[10,4]","[52,58]","[42.4020525,65.8880514]","[15.805707,38.863526724614786]",OWNER,Male
"[52,58]","[10,4]","[52,58]","[42.4020525,65.8880514]","[15.805707,38.863526724614786]",OWNER,Female
"[52,58]","[10,4]","[52,58]","[42.4020525,65.8880514]","[15.805707,38.863526724614786]",OWNER,Male
"[52,58]","[10,4]","[52,58]","[42.4020525,65.8880514]","[15.805707,38.863526724614786]",OWNER,Female
"[52,58]","[10,4]","[52,58]","[42.4020525,65.8880514]","[15.805707,38.863526724614786]",DISPONENT,Male
"[52,58]","[10,4]","[52,58]","[42.4020525,65.8880514]","[15.805707,38.863526724614786]",OWNER,Male
"[50,59]","[29,55]","[50,59]","[41.4988678,52.1620973]","[-5.9201863,9.0752066]",OWNER,Male
"[50,59]","[29,55]","[50,59]","[41.4988678,52.1620973]","[-5.9201863,9.0752066]",OWNER,Female
"[50,59]","[29,55]","[50,59]","[41.4988678,52.1620973]","[-5.9201863,9.0752066]",OWNER,Female
"[50,59]","[29,55]","[50,59]","[41.4988678,52.1620973]","[-5.9201863,9.0752066]",OWNER,Female
"[50,59]","[29,55]","[50,59]","[41.4988678,52.1620973]","[-5.9201863,9.0752066]",OWNER,Female
"[50,59]","[29,55]","[50,59]","[41.4988678,52.1620973]","[-5.9201863,9.0752066]",DISPONENT,Female
"[50,59]","[29,55]","[50,59]","[41.4988678,52.1620973]","[-5.9201863,9.0752066]",OWNER,Male
"[50,59]","[32,53]","[50,59]","[42.4020525,63.8729927]","[15.805707,24.2768263]",OWNER,Female
"[50,59]","[32,53]","[50,59]","[42.4020525,63.8729927]","[15.805707,24.2768263]",OWNER,Male
"[50,59]","[32,53]","[50,59]","[42.4020525,63.8729927]","[15.805707,24.2768263]",DISPONENT,Male
"[50,59]","[32,53]","[50,59]","[42.4020525,63.8729927]","[15.805707,24.2768263]",OWNER,Male
"[50,59]","[32,53]","[50,59]","[42.4020525,63.8729927]","[15.805707,24.2768263]",OWNER,Male
"[50,59]","[32,53]","[50,59]","[42.4020525,63.8729927]","[15.805707,24.2768263]",OWNER,Female
"[67,75]","[11,4]","[67,75]","[-12.5032466,-33.9966839]","[-53.83412901938374,28.3441156]",OWNER,Male
"[67,75]","[11,4]","[67,75]","[-12.5032466,-33.9966839]","[-53.83412901938374,28.3441156]",OWNER,Male
"[67,75]","[11,4]","[67,75]","[-12.5032466,-33.9966839]","[-53.83412901938374,28.3441156]",OWNER,Male
"[67,75]","[11,4]","[67,75]","[-12.5032466,-33.9966839]","[-53.83412901938374,28.3441156]",OWNER,Male
"[67,75]","[11,4]","[67,75]","[-12.5032466,-33.9966839]","[-53.83412901938374,28.3441156]",OWNER,Female
"[69,74]","[31,46]","[69,74]","[-33.9966839,-8.9014344]","[13.2321768,18.7196289]",OWNER,Male
"[69,74]","[31,46]","[69,74]","[-33.9966839,-8.9014344]","[13.2321768,18.7196289]",OWNER,Female
"[69,74]","[31,46]","[69,74]","[-33.9966839,-8.9014344]","[13.2321768,18.7196289]",OWNER,Female
"[69,74]","[31,46]","[69,74]","[-33.9966839,-8.9014344]","[13.2321768,18.7196289]",OWNER,Female
"[63,72]","[10,7]","[63,72]","[25.8141404,33.9155475]","[-118.1855016,-95.330347]",OWNER,Male
"[63,72]","[10,7]","[63,72]","[25.8141404,33.9155475]","[-118.1855016,-95.330347]",OWNER,Male
"[63,72]","[10,7]","[63,72]","[25.8141404,33.9155475]","[-118.1855016,-95.330347]",OWNER,Female
"[63,72]","[10,7]","[63,72]","[25.8141404,33.9155475]","[-118.1855016,-95.330347]",OWNER,Female
"[60,77]","[24,53]","[60,77]","[11.1879406,33.9155475]","[-118.1855016,2.955759]",OWNER,Female
"[60,77]","[24,53]","[60,77]","[11.1879406,33.9155475]","[-118.1855016,2.955759]",DISPONENT,Female
"[60,77]","[24,53]","[60,77]","[11.1879406,33.9155475]","[-118.1855016,2.955759]",OWNER,Female
"[60,77]","[24,53]","[60,77]","[11.1879406,33.9155475]","[-118.1855016,2.955759]",OWNER,Female
"[46,63]","[10,8]","[62,64]","[21.2391067,21.2391067]","[105.6758987,105.6758987]",OWNER,Male
"[46,63]","[10,8]","[62,64]","[21.2391067,21.2391067]","[105.6758987,105.6758987]",DISPONENT,Male
"[46,63]","[10,8]","[62,64]","[21.2391067,21.2391067]","[105.6758987,105.6758987]",DISPONENT,Male
"[46,63]","[10,8]","[62,64]","[21.2391067,21.2391067]","[105.6758987,105.6758987]",OWNER,Female
"[64,77]","[11,7]","[64,77]","[12.28439,21.2391067]","[105.6758987,80.3560764]",OWNER,Female
"[64,77]","[11,7]","[64,77]","[12.28439,21.2391067]","[105.6758987,80.3560764]",OWNER,Male
"[64,77]","[11,7]","[64,77]","[12.28439,21.2391067]","[105.6758987,80.3560764]",OWNER,Male
"[64,77]","[11,7]","[64,77]","[12.28439,21.2391067]","[105.6758987,80.3560764]",OWNER,Female
"[49,63]","[37,54]","[60,63]","[21.2391067,3.7341097000000003]","[105.6758987,96.84789194999999]",DISPONENT,Male
"[49,63]","[37,54]","[60,63]","[21.2391067,3.7341097000000003]","[105.6758987,96.84789194999999]",OWNER,Female
"[49,63]","[37,54]","[60,63]","[21.2391067,3.7341097000000003]","[105.6758987,96.84789194999999]",OWNER,Female
"[49,63]","[37,54]","[60,63]","[21.2391067,3.7341097000000003]","[105.6758987,96.84789194999999]",OWNER,Male
"[63,74]","[36,52]","[63,74]","[15.6575116,3.74002325]","[105.6758987,96.83340839266518]",OWNER,Female
"[63,74]","[36,52]","[63,74]","[15.6575116,3.74002325]","[105.6758987,96.83340839266518]",OWNER,Male
"[63,74]","[36,52]","[63,74]","[15.6575116,3.74002325]","[105.6758987,96.83340839266518]",OWNER,Male
"[63,74]","[36,52]","[63,74]","[15.6575116,3.74002325]","[105.6758987,96.83340839266518]",OWNER,Female
"[66,77]","[16,40]","[66,77]","[-15.2562603,-4.9335876]","[116.0054635,167.151708]",OWNER,Male
"[66,77]","[16,40]","[66,77]","[-15.2562603,-4.9335876]","[116.0054635,167.151708]",OWNER,Female
"[66,77]","[16,40]","[66,77]","[-15.2562603,-4.9335876]","[116.0054635,167.151708]",OWNER,Female
"[66,77]","[16,40]","[66,77]","[-15.2562603,-4.9335876]","[116.0054635,167.151708]",OWNER,Male
"[66,77]","[16,40]","[66,77]","[-15.2562603,-4.9335876]","[116.0054635,167.151708]",OWNER,Male
"[66,77]","[16,40]","[66,77]","[-15.2562603,-4.9335876]","[116.0054635,167.151708]",OWNER,Male
"[64,71]","[12,6]","[64,71]","[-0.639722,21.2391067]","[105.6758987,174.4279938]",OWNER,Male
"[64,71]","[12,6]","[64,71]","[-0.639722,21.2391067]","[105.6758987,174.4279938]",DISPONENT,Female
"[64,71]","[12,6]","[64,71]","[-0.639722,21.2391067]","[105.6758987,174.4279938]",DISPONENT,Male
"[64,71]","[12,6]","[64,71]","[-0.639722,21.2391067]","[105.6758987,174.4279938]",OWNER,Female
"[64,71]","[12,6]","[64,71]","[-0.639722,21.2391067]","[105.6758987,174.4279938]",OWNER,Male
"[64,77]","[20,8]","[64,77]","[21.2391067,34.76436245]","[105.6758987,137.62649011075342]",OWNER,Female
"[64,77]","[20,8]","[64,77]","[21.2391067,34.76436245]","[105.6758987,137.62649011075342]",OWNER,Female
"[64,77]","[20,8]","[64,77]","[21.2391067,34.76436245]","[105.6758987,137.62649011075342]",DISPONENT,Male
"[64,77]","[20,8]","[64,77]","[21.2391067,34.76436245]","[105.6758987,137.62649011075342]",OWNER,Male
"[64,77]","[20,8]","[64,77]","[21.2391067,34.76436245]","[105.6758987,137.62649011075342]",DISPONENT,Female
"[64,77]","[20,8]","[64,77]","[21.2391067,34.76436245]","[105.6758987,137.62649011075342]",DISPONENT,Male
"[64,77]","[20,8]","[64,77]","[21.2391067,34.76436245]","[105.6758987,137.62649011075342]",OWNER,Female
"[63,74]","[14,9]","[63,74]","[37.6241619,45.169709]","[-112.1743657,-84.80486282582908]",OWNER,Female
"[63,74]","[14,9]","[63,74]","[37.6241619,45.169709]","[-112.1743657,-84.80486282582908]",OWNER,Female
"[63,74]","[14,9]","[63,74]","[37.6241619,45.169709]","[-112.1743657,-84.80486282582908]",OWNER,Male
"[63,74]","[14,9]","[63,74]","[37.6241619,45.169709]","[-112.1743657,-84.80486282582908]",OWNER,Female
"[63,74]","[14,9]","[63,74]","[37.6241619,45.169709]","[-112.1743657,-84.80486282582908]",OWNER,Male
"[63,74]","[14,9]","[63,74]","[37.6241619,45.169709]","[-112.1743657,-84.80486282582908]",OWNER,Female
"[63,74]","[14,9]","[63,74]","[37.6241619,45.169709]","[-112.1743657,-84.80486282582908]",OWNER,Female
"[61,76]","[12,8]","[61,76]","[43.02569795,52.370336]","[-1.6933136,5.3496353]",OWNER,Male
"[61,76]","[12,8]","[61,76]","[43.02569795,52.370336]","[-1.6933136,5.3496353]",DISPONENT,Female
"[61,76]","[12,8]","[61,76]","[43.02569795,52.370336]","[-1.6933136,5.3496353]",OWNER,Female
"[61,76]","[12,8]","[61,76]","[43.02569795,52.370336]","[-1.6933136,5.3496353]",DISPONENT,Male
"[61,76]","[12,8]","[61,76]","[43.02569795,52.370336]","[-1.6933136,5.3496353]",OWNER,Female
"[61,76]","[12,8]","[61,76]","[43.02569795,52.370336]","[-1.6933136,5.3496353]",OWNER,Male
"[61,76]","[12,8]","[61,76]","[43.02569795,52.370336]","[-1.6933136,5.3496353]",OWNER,Male
"[62,76]","[28,46]","[62,76]","[36.10976315,46.0272752]","[-111.7437742,-91.7645189704043]",OWNER,Male
"[62,76]","[28,46]","[62,76]","[36.10976315,46.0272752]","[-111.7437742,-91.7645189704043]",OWNER,Male
"[62,76]","[28,46]","[62,76]","[36.10976315,46.0272752]","[-111.7437742,-91.7645189704043]",OWNER,Female
"[62,76]","[28,46]","[62,76]","[36.10976315,46.0272752]","[-111.7437742,-91.7645189704043]",OWNER,Female
"[62,76]","[28,46]","[62,76]","[36.10976315,46.0272752]","[-111.7437742,-91.7645189704043]",OWNER,Female
"[62,76]","[28,46]","[62,76]","[36.10976315,46.0272752]","[-111.7437742,-91.7645189704043]",DISPONENT,Female
"[68,77]","[27,50]","[68,77]","[35.274232,45.3668603]","[-8.421749,5.5479271]",DISPONENT,Male
"[68,77]","[27,50]","[68,77]","[35.274232,45.3668603]","[-8.421749,5.5479271]",DISPONENT,Female
"[68,77]","[27,50]","[68,77]","[35.274232,45.3668603]","[-8.421749,5.5479271]",DISPONENT,Male
"[68,77]","[27,50]","[68,77]","[35.274232,45.3668603]","[-8.421749,5.5479271]",OWNER,Female
"[68,77]","[27,50]","[68,77]","[35.274232,45.3668603]","[-8.421749,5.5479271]",OWNER,Female
"[68,77]","[27,50]","[68,77]","[35.274232,45.3668603]","[-8.421749,5.5479271]",OWNER,Male
"[68,77]","[27,50]","[68,77]","[35.274232,45.3668603]","[-8.421749,5.5479271]",OWNER,Male
"[57,75]","[13,9]","[64,75]","[37.8465004,62.5213602]","[10.2524462,8.126462]",OWNER,Female
"[57,75]","[13,9]","[64,75]","[37.8465004,62.5213602]","[10.2524462,8.126462]",OWNER,Female
"[57,75]","[13,9]","[64,75]","[37.8465004,62.5213602]","[10.2524462,8.126462]",OWNER,Male
"[57,75]","[13,9]","[64,75]","[37.8465004,62.5213602]","[10.2524462,8.126462]",OWNER,Male
"[57,75]","[13,9]","[64,75]","[37.8465004,62.5213602]","[10.2524462,8.126462]",OWNER,Male
"[57,75]","[13,9]","[64,75]","[37.8465004,62.5213602]","[10.2524462,8.126462]",OWNER,Female
"[57,75]","[13,9]","[64,75]","[37.8465004,62.5213602]","[10.2524462,8.126462]",OWNER,Female
"[63,73]","[10,9]","[63,73]","[35.6604618,45.3561539]","[139.6982972,24.2768263]",OWNER,Female
"[63,73]","[10,9]","[63,73]","[35.6604618,45.3561539]","[139.6982972,24.2768263]",OWNER,Female
"[63,73]","[10,9]","[63,73]","[35.6604618,45.3561539]","[139.6982972,24.2768263]",OWNER,Female
"[63,73]","[10,9]","[63,73]","[35.6604618,45.3561539]","[139.6982972,24.2768263]",OWNER,Male
"[63,73]","[10,9]","[63,73]","[35.6604618,45.3561539]","[139.6982972,24.2768263]",OWNER,Female
"[63,73]","[10,9]","[63,73]","[35.6604618,45.3561539]","[139.6982972,24.2768263]",OWNER,Female
"[61,74]","[31,46]","[61,74]","[42.4020525,49.5385243]","[10.11678226475984,5.6929962]",OWNER,Female
"[61,74]","[31,46]","[61,74]","[42.4020525,49.5385243]","[10.11678226475984,5.6929962]",OWNER,Male
"[61,74]","[31,46]","[61,74]","[42.4020525,49.5385243]","[10.11678226475984,5.6929962]",OWNER,Female
"[61,74]","[31,46]","[61,74]","[42.4020525,49.5385243]","[10.11678226475984,5.6929962]",OWNER,Male
"[61,74]","[31,46]","[61,74]","[42.4020525,49.5385243]","[10.11678226475984,5.6929962]",OWNER,Female
"[61,74]","[31,46]","[61,74]","[42.4020525,49.5385243]","[10.11678226475984,5.6929962]",OWNER,Female
"[64,77]","[25,54]","[64,77]","[34.76436245,46.7468585]","[137.62649011075342,28.9555974]",OWNER,Male
"[64,77]","[25,54]","[64,77]","[34.76436245,46.7468585]","[137.62649011075342,28.9555974]",OWNER,Male
"[64,77]","[25,54]","[64,77]","[34.76436245,46.7468585]","[137.62649011075342,28.9555974]",OWNER,Female
"[64,77]","[25,54]","[64,77]","[34.76436245,46.7468585]","[137.62649011075342,28.9555974]",OWNER,Male
"[64,77]","[25,54]","[64,77]","[34.76436245,46.7468585]","[137.62649011075342,28.9555974]",DISPONENT,Female
"[64,77]","[25,54]","[64,77]","[34.76436245,46.7468585]","[137.62649011075342,28.9555974]",OWNER,Female
"[64,77]","[25,54]","[64,77]","[34.76436245,46.7468585]","[137.62649011075342,28.9555974]",OWNER,Female
"[42,76]","[61,83]","[1,48]","[-14.0731544,-9.97261455]","[-53.85836987860707,-72.5487515]",OWNER,Male
"[42,76]","[61,83]","[1,48]","[-14.0731544,-9.97261455]","[-53.85836987860707,-72.5487515]",OWNER,Female
"[42,76]","[61,83]","[1,48]","[-14.0731544,-9.97261455]","[-53.85836987860707,-72.5487515]",OWNER,Female
"[42,76]","[61,83]","[1,48]","[-14.0731544,-9.97261455]","[-53.85836987860707,-72.5487515]",OWNER,Male
"[42,57]","[55,84]","[1,51]","[12.28439,4.6136971]","[-122.0872937,76.64025171289323]",OWNER,Female
"[42,57]","[55,84]","[1,51]","[12.28439,4.6136971]","[-122.0872937,76.64025171289323]",OWNER,Female
"[42,57]","[55,84]","[1,51]","[12.28439,4.6136971]","[-122.0872937,76.64025171289323]",OWNER,Male
"[42,57]","[55,84]","[1,51]","[12.28439,4.6136971]","[-122.0872937,76.64025171289323]",OWNER,Male
"[43,77]","[68,94]","[1,6]","[21.2391067,3.7341097000000003]","[105.6758987,96.84789194999999]",OWNER,Male
"[43,77]","[68,94]","[1,6]","[21.2391067,3.7341097000000003]","[105.6758987,96.84789194999999]",OWNER,Female
"[43,77]","[68,94]","[1,6]","[21.2391067,3.7341097000000003]","[105.6758987,96.84789194999999]",OWNER,Male
"[43,77]","[68,94]","[1,6]","[21.2391067,3.7341097000000003]","[105.6758987,96.84789194999999]",OWNER,Female
"[44,47]","[62,98]","[44,47]","[21.2391067,21.2391067]","[105.6758987,105.6758987]",OWNER,Female
"[44,47]","[62,98]","[44,47]","[21.2391067,21.2391067]","[105.6758987,105.6758987]",OWNER,Female
"[44,47]","[62,98]","[44,47]","[21.2391067,21.2391067]","[105.6758987,105.6758987]",OWNER,Male
"[44,47]","[62,98]","[44,47]","[21.2391067,21.2391067]","[105.6758987,105.6758987]",OWNER,Male
"[51,58]","[57,93]","[51,58]","[-17.1768881,18.338348]","[-66.935382,-69.9796745]",OWNER,Female
"[51,58]","[57,93]","[51,58]","[-17.1768881,18.338348]","[-66.935382,-69.9796745]",OWNER,Male
"[51,58]","[57,93]","[51,58]","[-17.1768881,18.338348]","[-66.935382,-69.9796745]",DISPONENT,Male
"[51,58]","[57,93]","[51,58]","[-17.1768881,18.338348]","[-66.935382,-69.9796745]",OWNER,Male
"[52,59]","[58,97]","[52,59]","[-15.0043755,3.7768267]","[-53.83412901938374,96.84789194999999]",OWNER,Female
"[52,59]","[58,97]","[52,59]","[-15.0043755,3.7768267]","[-53.83412901938374,96.84789194999999]",OWNER,Male
"[52,59]","[58,97]","[52,59]","[-15.0043755,3.7768267]","[-53.83412901938374,96.84789194999999]",DISPONENT,Male
"[52,59]","[58,97]","[52,59]","[-15.0043755,3.7768267]","[-53.83412901938374,96.84789194999999]",OWNER,Female
"[52,60]","[69,95]","[52,60]","[19.4348912,35.76531875]","[-71.9107289,73.9273745]",DISPONENT,Female
"[52,60]","[69,95]","[52,60]","[19.4348912,35.76531875]","[-71.9107289,73.9273745]",OWNER,Male
"[52,60]","[69,95]","[52,60]","[19.4348912,35.76531875]","[-71.9107289,73.9273745]",OWNER,Female
"[52,60]","[69,95]","[52,60]","[19.4348912,35.76531875]","[-71.9107289,73.9273745]",OWNER,Male
"[52,60]","[69,95]","[52,60]","[19.4348912,35.76531875]","[-71.9107289,73.9273745]",OWNER,Male
"[52,60]","[69,95]","[52,60]","[19.4348912,35.76531875]","[-71.9107289,73.9273745]",OWNER,Male
"[52,60]","[69,95]","[52,60]","[19.4348912,35.76531875]","[-71.9107289,73.9273745]",OWNER,Female
"[46,59]","[102,72]","[46,59]","[-0.639722,-4.9335876]","[116.0054635,174.4279938]",OWNER,Male
"[46,59]","[102,72]","[46,59]","[-0.639722,-4.9335876]","[116.0054635,174.4279938]",OWNER,Female
"[46,59]","[102,72]","[46,59]","[-0.639722,-4.9335876]","[116.0054635,174.4279938]",OWNER,Male
"[46,59]","[102,72]","[46,59]","[-0.639722,-4.9335876]","[116.0054635,174.4279938]",DISPONENT,Male
"[48,52]","[64,93]","[48,52]","[-0.639722,21.2391067]","[105.6758987,174.4279938]",OWNER,Female
"[48,52]","[64,93]","[48,52]","[-0.639722,21.2391067]","[105.6758987,174.4279938]",OWNER,Male
"[48,52]","[64,93]","[48,52]","[-0.639722,21.2391067]","[105.6758987,174.4279938]",DISPONENT,Female
"[48,52]","[64,93]","[48,52]","[-0.639722,21.2391067]","[105.6758987,174.4279938]",OWNER,Female
"[48,52]","[64,93]","[48,52]","[-0.639722,21.2391067]","[105.6758987,174.4279938]",OWNER,Female
"[46,65]","[56,91]","[19,52]","[21.2391067,34.76436245]","[105.6758987,137.62649011075342]",DISPONENT,Male
"[46,65]","[56,91]","[19,52]","[21.2391067,34.76436245]","[105.6758987,137.62649011075342]",OWNER,Female
"[46,65]","[56,91]","[19,52]","[21.2391067,34.76436245]","[105.6758987,137.62649011075342]",OWNER,Male
"[46,65]","[56,91]","[19,52]","[21.2391067,34.76436245]","[105.6758987,137.62649011075342]",OWNER,Male
"[46,65]","[56,91]","[19,52]","[21.2391067,34.76436245]","[105.6758987,137.62649011075342]",OWNER,Female
"[46,65]","[56,91]","[19,52]","[21.2391067,34.76436245]","[105.6758987,137.62649011075342]",OWNER,Male
"[54,57]","[57,91]","[54,57]","[21.2391067,35.7317793]","[105.6758987,139.7435795]",OWNER,Male
"[54,57]","[57,91]","[54,57]","[21.2391067,35.7317793]","[105.6758987,139.7435795]",OWNER,Male
"[54,57]","[57,91]","[54,57]","[21.2391067,35.7317793]","[105.6758987,139.7435795]",OWNER,Male
"[54,57]","[57,91]","[54,57]","[21.2391067,35.7317793]","[105.6758987,139.7435795]",OWNER,Female
"[54,57]","[57,91]","[54,57]","[21.2391067,35.7317793]","[105.6758987,139.7435795]",OWNER,Female
"[42,70]","[100,96]","[1,42]","[40.3005259,48.7937589]","[-111.74185935,4.8086014]",OWNER,Female
"[42,70]","[100,96]","[1,42]","[40.3005259,48.7937589]","[-111.74185935,4.8086014]",OWNER,Male
"[42,70]","[100,96]","[1,42]","[40.3005259,48.7937589]","[-111.74185935,4.8086014]",OWNER,Male
"[42,70]","[100,96]","[1,42]","[40.3005259,48.7937589]","[-111.74185935,4.8086014]",OWNER,Male
"[42,70]","[100,96]","[1,42]","[40.3005259,48.7937589]","[-111.74185935,4.8086014]",OWNER,Male
"[42,70]","[100,96]","[1,42]","[40.3005259,48.7937589]","[-111.74185935,4.8086014]",DISPONENT,Male
"[42,70]","[100,96]","[1,42]","[40.3005259,48.7937589]","[-111.74185935,4.8086014]",OWNER,Male
"[43,58]","[103,92]","[43,47]","[43.02569795,52.370336]","[-123.0111111,4.8895215]",OWNER,Female
"[43,58]","[103,92]","[43,47]","[43.02569795,52.370336]","[-123.0111111,4.8895215]",OWNER,Male
"[43,58]","[103,92]","[43,47]","[43.02569795,52.370336]","[-123.0111111,4.8895215]",DISPONENT,Male
"[43,58]","[103,92]","[43,47]","[43.02569795,52.370336]","[-123.0111111,4.8895215]",OWNER,Male
"[43,58]","[103,92]","[43,47]","[43.02569795,52.370336]","[-123.0111111,4.8895215]",OWNER,Male
"[43,58]","[103,92]","[43,47]","[43.02569795,52.370336]","[-123.0111111,4.8895215]",OWNER,Female
"[43,58]","[103,92]","[43,47]","[43.02569795,52.370336]","[-123.0111111,4.8895215]",OWNER,Male
"[47,52]","[56,90]","[47,52]","[43.0323141,60.1927138]","[-1.2432926722107096,4.9136886]",DISPONENT,Male
"[47,52]","[56,90]","[47,52]","[43.0323141,60.1927138]","[-1.2432926722107096,4.9136886]",OWNER,Female
"[47,52]","[56,90]","[47,52]","[43.0323141,60.1927138]","[-1.2432926722107096,4.9136886]",OWNER,Female
"[47,52]","[56,90]","[47,52]","[43.0323141,60.1927138]","[-1.2432926722107096,4.9136886]",OWNER,Female
"[47,52]","[56,90]","[47,52]","[43.0323141,60.1927138]","[-1.2432926722107096,4.9136886]",OWNER,Male
"[47,52]","[56,90]","[47,52]","[43.0323141,60.1927138]","[-1.2432926722107096,4.9136886]",OWNER,Female
"[47,52]","[100,94]","[47,52]","[43.205189,52.1196197]","[-0.4499783,24.2768263]",OWNER,Male
"[47,52]","[100,94]","[47,52]","[43.205189,52.1196197]","[-0.4499783,24.2768263]",OWNER,Female
"[47,52]","[100,94]","[47,52]","[43.205189,52.1196197]","[-0.4499783,24.2768263]",OWNER,Male
"[47,52]","[100,94]","[47,52]","[43.205189,52.1196197]","[-0.4499783,24.2768263]",OWNER,Female
"[47,52]","[100,94]","[47,52]","[43.205189,52.1196197]","[-0.4499783,24.2768263]",OWNER,Male
"[47,52]","[100,94]","[47,52]","[43.205189,52.1196197]","[-0.4499783,24.2768263]",OWNER,Female
"[54,58]","[56,78]","[54,58]","[41.4988678,47.6985307]","[-0.33248,-80.2310464]",OWNER,Male
"[54,58]","[56,78]","[54,58]","[41.4988678,47.6985307]","[-0.33248,-80.2310464]",OWNER,Male
"[54,58]","[56,78]","[54,58]","[41.4988678,47.6985307]","[-0.33248,-80.2310464]",DISPONENT,Female
"[54,58]","[56,78]","[54,58]","[41.4988678,47.6985307]","[-0.33248,-80.2310464]",OWNER,Female
"[54,58]","[56,78]","[54,58]","[41.4988678,47.6985307]","[-0.33248,-80.2310464]",OWNER,Female
"[54,58]","[56,78]","[54,58]","[41.4988678,47.6985307]","[-0.33248,-80.2310464]",OWNER,Male
"[54,58]","[56,78]","[54,58]","[41.4988678,47.6985307]","[-0.33248,-80.2310464]",OWNER,Male
"[52,57]","[57,76]","[52,57]","[42.4020525,59.1641718]","[10.1786328,8.5909636]",OWNER,Female
"[52,57]","[57,76]","[52,57]","[42.4020525,59.1641718]","[10.1786328,8.5909636]",OWNER,Female
"[52,57]","[57,76]","[52,57]","[42.4020525,59.1641718]","[10.1786328,8.5909636]",OWNER,Male
"[52,57]","[57,76]","[52,57]","[42.4020525,59.1641718]","[10.1786328,8.5909636]",DISPONENT,Male
"[52,57]","[57,76]","[52,57]","[42.4020525,59.1641718]","[10.1786328,8.5909636]",OWNER,Female
"[52,57]","[57,76]","[52,57]","[42.4020525,59.1641718]","[10.1786328,8.5909636]",OWNER,Male
"[49,59]","[102,96]","[54,60]","[38.5439017,52.45376785]","[-1.7175840601421202,-90.0577783]",OWNER,Male
"[49,59]","[102,96]","[54,60]","[38.5439017,52.45376785]","[-1.7175840601421202,-90.0577783]",DISPONENT,Male
"[49,59]","[102,96]","[54,60]","[38.5439017,52.45376785]","[-1.7175840601421202,-90.0577783]",OWNER,Male
"[49,59]","[102,96]","[54,60]","[38.5439017,52.45376785]","[-1.7175840601421202,-90.0577783]",OWNER,Female
"[49,59]","[102,96]","[54,60]","[38.5439017,52.45376785]","[-1.7175840601421202,-90.0577783]",DISPONENT,Male
"[49,59]","[102,96]","[54,60]","[38.5439017,52.45376785]","[-1.7175840601421202,-90.0577783]",OWNER,Female
"[52,56]","[101,97]","[52,56]","[45.3561539,54.4582586]","[-0.6627481,3.0804641]",OWNER,Female
"[52,56]","[101,97]","[52,56]","[45.3561539,54.4582586]","[-0.6627481,3.0804641]",OWNER,Female
"[52,56]","[101,97]","[52,56]","[45.3561539,54.4582586]","[-0.6627481,3.0804641]",OWNER,Female
"[52,56]","[101,97]","[52,56]","[45.3561539,54.4582586]","[-0.6627481,3.0804641]",OWNER,Male
"[52,56]","[101,97]","[52,56]","[45.3561539,54.4582586]","[-0.6627481,3.0804641]",OWNER,Female
"[52,56]","[101,97]","[52,56]","[45.3561539,54.4582586]","[-0.6627481,3.0804641]",OWNER,Female
"[62,71]","[101,99]","[62,71]","[-17.1768881,-9.97261455]","[-67.811422151694,27.8689563]",OWNER,Female
"[62,71]","[101,99]","[62,71]","[-17.1768881,-9.97261455]","[-67.811422151694,27.8689563]",OWNER,Female
"[62,71]","[101,99]","[62,71]","[-17.1768881,-9.97261455]","[-67.811422151694,27.8689563]",OWNER,Male
"[62,71]","[101,99]","[62,71]","[-17.1768881,-9.97261455]","[-67.811422151694,27.8689563]",OWNER,Male
"[62,71]","[101,99]","[62,71]","[-17.1768881,-9.97261455]","[-67.811422151694,27.8689563]",OWNER,Female
"[62,71]","[101,99]","[62,71]","[-17.1768881,-9.97261455]","[-67.811422151694,27.8689563]",OWNER,Male
"[62,71]","[101,99]","[62,71]","[-17.1768881,-9.97261455]","[-67.811422151694,27.8689563]",OWNER,Female
"[62,72]","[101,97]","[62,72]","[-0.9398412,30.1728021]","[-42.763311103045716,96.84789194999999]",OWNER,Male
"[62,72]","[101,97]","[62,72]","[-0.9398412,30.1728021]","[-42.763311103045716,96.84789194999999]",OWNER,Female
"[62,72]","[101,97]","[62,72]","[-0.9398412,30.1728021]","[-42.763311103045716,96.84789194999999]",DISPONENT,Female
"[62,72]","[101,97]","[62,72]","[-0.9398412,30.1728021]","[-42.763311103045716,96.84789194999999]",OWNER,Male
"[62,72]","[101,97]","[62,72]","[-0.9398412,30.1728021]","[-42.763311103045716,96.84789194999999]",OWNER,Male
"[62,72]","[101,97]","[62,72]","[-0.9398412,30.1728021]","[-42.763311103045716,96.84789194999999]",DISPONENT,Male
"[64,74]","[66,88]","[64,74]","[32.591669,39.862921]","[-75.8937445,-93.24796]",OWNER,Female
"[64,74]","[66,88]","[64,74]","[32.591669,39.862921]","[-75.8937445,-93.24796]",OWNER,Female
"[64,74]","[66,88]","[64,74]","[32.591669,39.862921]","[-75.8937445,-93.24796]",OWNER,Male
"[64,74]","[66,88]","[64,74]","[32.591669,39.862921]","[-75.8937445,-93.24796]",OWNER,Male
"[64,74]","[66,88]","[64,74]","[32.591669,39.862921]","[-75.8937445,-93.24796]",OWNER,Female
"[64,74]","[66,88]","[64,74]","[32.591669,39.862921]","[-75.8937445,-93.24796]",DISPONENT,Male
"[64,74]","[66,88]","[64,74]","[32.591669,39.862921]","[-75.8937445,-93.24796]",OWNER,Female
"[60,77]","[101,99]","[60,77]","[33.9155475,39.59540515259948]","[-118.1855016,-89.4939137]",DISPONENT,Male
"[60,77]","[101,99]","[60,77]","[33.9155475,39.59540515259948]","[-118.1855016,-89.4939137]",OWNER,Female
"[60,77]","[101,99]","[60,77]","[33.9155475,39.59540515259948]","[-118.1855016,-89.4939137]",DISPONENT,Female
"[60,77]","[101,99]","[60,77]","[33.9155475,39.59540515259948]","[-118.1855016,-89.4939137]",DISPONENT,Male
"[60,77]","[101,99]","[60,77]","[33.9155475,39.59540515259948]","[-118.1855016,-89.4939137]",OWNER,Female
"[60,77]","[101,99]","[60,77]","[33.9155475,39.59540515259948]","[-118.1855016,-89.4939137]",OWNER,Female
"[64,76]","[58,64]","[64,76]","[-0.639722,-4.9335876]","[100.3535398,174.4279938]",OWNER,Male
"[64,76]","[58,64]","[64,76]","[-0.639722,-4.9335876]","[100.3535398,174.4279938]",OWNER,Male
"[64,76]","[58,64]","[64,76]","[-0.639722,-4.9335876]","[100.3535398,174.4279938]",OWNER,Female
"[64,76]","[58,64]","[64,76]","[-0.639722,-4.9335876]","[100.3535398,174.4279938]",DISPONENT,Female
"[52,68]","[67,78]","[64,68]","[-0.639722,21.2391067]","[105.6758987,174.4279938]",OWNER,Male
"[52,68]","[67,78]","[64,68]","[-0.639722,21.2391067]","[105.6758987,174.4279938]",OWNER,Female
"[52,68]","[67,78]","[64,68]","[-0.639722,21.2391067]","[105.6758987,174.4279938]",OWNER,Male
"[52,68]","[67,78]","[64,68]","[-0.639722,21.2391067]","[105.6758987,174.4279938]",OWNER,Female
"[61,74]","[100,99]","[61,74]","[-0.639722,21.2391067]","[105.6758987,174.4279938]",OWNER,Female
"[61,74]","[100,99]","[61,74]","[-0.639722,21.2391067]","[105.6758987,174.4279938]",OWNER,Male
"[61,74]","[100,99]","[61,74]","[-0.639722,21.2391067]","[105.6758987,174.4279938]",OWNER,Female
"[61,74]","[100,99]","[61,74]","[-0.639722,21.2391067]","[105.6758987,174.4279938]",OWNER,Female
"[61,74]","[100,99]","[61,74]","[-0.639722,21.2391067]","[105.6758987,174.4279938]",DISPONENT,Male
"[61,74]","[100,99]","[61,74]","[-0.639722,21.2391067]","[105.6758987,174.4279938]",DISPONENT,Male
"[61,74]","[100,99]","[61,74]","[-0.639722,21.2391067]","[105.6758987,174.4279938]",OWNER,Female
"[45,70]","[61,86]","[61,72]","[21.2391067,35.6468662]","[105.6758987,139.7435795]",OWNER,Male
"[45,70]","[61,86]","[61,72]","[21.2391067,35.6468662]","[105.6758987,139.7435795]",OWNER,Female
"[45,70]","[61,86]","[61,72]","[21.2391067,35.6468662]","[105.6758987,139.7435795]",OWNER,Male
"[45,70]","[61,86]","[61,72]","[21.2391067,35.6468662]","[105.6758987,139.7435795]",OWNER,Male
"[45,70]","[61,86]","[61,72]","[21.2391067,35.6468662]","[105.6758987,139.7435795]",OWNER,Female
"[45,70]","[61,86]","[61,72]","[21.2391067,35.6468662]","[105.6758987,139.7435795]",DISPONENT,Female
"[72,76]","[102,79]","[72,76]","[21.2391067,22.315357849999998]","[105.6758987,114.0451497252082]",OWNER,Male
"[72,76]","[102,79]","[72,76]","[21.2391067,22.315357849999998]","[105.6758987,114.0451497252082]",OWNER,Male
"[72,76]","[102,79]","[72,76]","[21.2391067,22.315357849999998]","[105.6758987,114.0451497252082]",DISPONENT,Male
"[72,76]","[102,79]","[72,76]","[21.2391067,22.315357849999998]","[105.6758987,114.0451497252082]",OWNER,Female
"[72,76]","[102,79]","[72,76]","[21.2391067,22.315357849999998]","[105.6758987,114.0451497252082]",OWNER,Female
"[64,74]","[60,78]","[64,74]","[41.5908006,60.1927138]","[-1.2432926722107096,-91.7645189704043]",OWNER,Female
"[64,74]","[60,78]","[64,74]","[41.5908006,60.1927138]","[-1.2432926722107096,-91.7645189704043]",OWNER,Male
"[64,74]","[60,78]","[64,74]","[41.5908006,60.1927138]","[-1.2432926722107096,-91.7645189704043]",OWNER,Male
"[64,74]","[60,78]","[64,74]","[41.5908006,60.1927138]","[-1.2432926722107096,-91.7645189704043]",DISPONENT,Female
"[64,74]","[60,78]","[64,74]","[41.5908006,60.1927138]","[-1.2432926722107096,-91.7645189704043]",OWNER,Male
"[64,74]","[60,78]","[64,74]","[41.5908006,60.1927138]","[-1.2432926722107096,-91.7645189704043]",OWNER,Male
"[64,74]","[60,78]","[64,74]","[41.5908006,60.1927138]","[-1.2432926722107096,-91.7645189704043]",OWNER,Female
"[64,76]","[59,76]","[64,76]","[43.61746,60.1927138]","[-0.33248,3.0804641]",OWNER,Female
"[64,76]","[59,76]","[64,76]","[43.61746,60.1927138]","[-0.33248,3.0804641]",OWNER,Female
"[64,76]","[59,76]","[64,76]","[43.61746,60.1927138]","[-0.33248,3.0804641]",DISPONENT,Male
"[64,76]","[59,76]","[64,76]","[43.61746,60.1927138]","[-0.33248,3.0804641]",OWNER,Male
"[64,76]","[59,76]","[64,76]","[43.61746,60.1927138]","[-0.33248,3.0804641]",DISPONENT,Female
"[64,76]","[59,76]","[64,76]","[43.61746,60.1927138]","[-0.33248,3.0804641]",OWNER,Male
"[61,73]","[55,66]","[61,73]","[42.4020525,52.8243943]","[14.8489617,8.5909636]",OWNER,Female
"[61,73]","[55,66]","[61,73]","[42.4020525,52.8243943]","[14.8489617,8.5909636]",OWNER,Female
"[61,73]","[55,66]","[61,73]","[42.4020525,52.8243943]","[14.8489617,8.5909636]",OWNER,Male
"[61,73]","[55,66]","[61,73]","[42.4020525,52.8243943]","[14.8489617,8.5909636]",OWNER,Male
"[61,73]","[55,66]","[61,73]","[42.4020525,52.8243943]","[14.8489617,8.5909636]",DISPONENT,Male
"[61,73]","[55,66]","[61,73]","[42.4020525,52.8243943]","[14.8489617,8.5909636]",OWNER,Male
"[61,73]","[55,66]","[61,73]","[42.4020525,52.8243943]","[14.8489617,8.5909636]",OWNER,Female
"[65,77]","[71,78]","[65,77]","[42.4020525,55.85946975]","[11.581714099864232,5.8429961]",OWNER,Female
"[65,77]","[71,78]","[65,77]","[42.4020525,55.85946975]","[11.581714099864232,5.8429961]",OWNER,Female
"[65,77]","[71,78]","[65,77]","[42.4020525,55.85946975]","[11.581714099864232,5.8429961]",OWNER,Male
"[65,77]","[71,78]","[65,77]","[42.4020525,55.85946975]","[11.581714099864232,5.8429961]",OWNER,Female
"[65,77]","[71,78]","[65,77]","[42.4020525,55.85946975]","[11.581714099864232,5.8429961]",DISPONENT,Female
"[65,77]","[71,78]","[65,77]","[42.4020525,55.85946975]","[11.581714099864232,5.8429961]",DISPONENT,Male
"[62,74]","[101,98]","[62,74]","[41.55567177346235,52.6196399]","[-0.33248,-84.80486282582908]",OWNER,Female
"[62,74]","[101,98]","[62,74]","[41.55567177346235,52.6196399]","[-0.33248,-84.80486282582908]",OWNER,Male
"[62,74]","[101,98]","[62,74]","[41.55567177346235,52.6196399]","[-0.33248,-84.80486282582908]",OWNER,Male
"[62,74]","[101,98]","[62,74]","[41.55567177346235,52.6196399]","[-0.33248,-84.80486282582908]",OWNER,Male
"[62,74]","[101,98]","[62,74]","[41.55567177346235,52.6196399]","[-0.33248,-84.80486282582908]",OWNER,Male
"[62,74]","[101,98]","[62,74]","[41.55567177346235,52.6196399]","[-0.33248,-84.80486282582908]",OWNER,Female
"[62,74]","[101,98]","[62,74]","[41.55567177346235,52.6196399]","[-0.33248,-84.80486282582908]",OWNER,Male
"[60,77]","[103,95]","[60,77]","[43.4014434,52.370336]","[0.9602051,4.8895215]",OWNER,Female
"[60,77]","[103,95]","[60,77]","[43.4014434,52.370336]","[0.9602051,4.8895215]",OWNER,Male
"[60,77]","[103,95]","[60,77]","[43.4014434,52.370336]","[0.9602051,4.8895215]",DISPONENT,Male
"[60,77]","[103,95]","[60,77]","[43.4014434,52.370336]","[0.9602051,4.8895215]",OWNER,Female
"[60,77]","[103,95]","[60,77]","[43.4014434,52.370336]","[0.9602051,4.8895215]",OWNER,Female
"[60,77]","[103,95]","[60,77]","[43.4014434,52.370336]","[0.9602051,4.8895215]",OWNER,Female
"[62,76]","[80,92]","[62,76]","[42.4020525,65.160257]","[13.233437,8.5909636]",OWNER,Female
"[62,76]","[80,92]","[62,76]","[42.4020525,65.160257]","[13.233437,8.5909636]",OWNER,Male
"[62,76]","[80,92]","[62,76]","[42.4020525,65.160257]","[13.233437,8.5909636]",DISPONENT,Female
"[62,76]","[80,92]","[62,76]","[42.4020525,65.160257]","[13.233437,8.5909636]",OWNER,Male
"[62,76]","[80,92]","[62,76]","[42.4020525,65.160257]","[13.233437,8.5909636]",OWNER,Female
"[62,76]","[80,92]","[62,76]","[42.4020525,65.160257]","[13.233437,8.5909636]",DISPONENT,Male
"[62,76]","[80,92]","[62,76]","[42.4020525,65.160257]","[13.233437,8.5909636]",OWNER,Male
"[60,73]","[100,97]","[60,73]","[44.011649199999994,49.9163758]","[10.11678226475984,8.5909636]",OWNER,Female
"[60,73]","[100,97]","[60,73]","[44.011649199999994,49.9163758]","[10.11678226475984,8.5909636]",OWNER,Male
"[60,73]","[100,97]","[60,73]","[44.011649199999994,49.9163758]","[10.11678226475984,8.5909636]",OWNER,Male
"[60,73]","[100,97]","[60,73]","[44.011649199999994,49.9163758]","[10.11678226475984,8.5909636]",OWNER,Male
"[60,73]","[100,97]","[60,73]","[44.011649199999994,49.9163758]","[10.11678226475984,8.5909636]",DISPONENT,Male
"[60,73]","[100,97]","[60,73]","[44.011649199999994,49.9163758]","[10.11678226475984,8.5909636]",OWNER,Male
