cli_district_id,birthdate,lat_street,lon_street,card_type,gender
"[1,4]","[11,6]","[-13.6325181,-9.97261455]","[-67.811422151694,-73.3392193]",classic,Male
"[1,4]","[11,6]","[-13.6325181,-9.97261455]","[-67.811422151694,-73.3392193]",classic,Female
"[1,4]","[11,6]","[-13.6325181,-9.97261455]","[-67.811422151694,-73.3392193]",junior,Female
"[1,4]","[11,6]","[-13.6325181,-9.97261455]","[-67.811422151694,-73.3392193]",classic,Female
"[1,6]","[32,47]","[-13.6325181,-24.287880899999998]","[-53.83412901938374,-73.3392193]",classic,Male
"[1,6]","[32,47]","[-13.6325181,-24.287880899999998]","[-53.83412901938374,-73.3392193]",classic,Male
"[1,6]","[32,47]","[-13.6325181,-24.287880899999998]","[-53.83412901938374,-73.3392193]",classic,Male
"[1,6]","[32,47]","[-13.6325181,-24.287880899999998]","[-53.83412901938374,-73.3392193]",classic,Male
"[1,34]","[13,39]","[-33.9966839,-33.9966839]","[18.7196095,18.7196095]",classic,Male
"[1,34]","[13,39]","[-33.9966839,-33.9966839]","[18.7196095,18.7196095]",classic,Female
"[1,34]","[13,39]","[-33.9966839,-33.9966839]","[18.7196095,18.7196095]",junior,Male
"[1,34]","[13,39]","[-33.9966839,-33.9966839]","[18.7196095,18.7196095]",classic,Male
"[1,8]","[15,6]","[-22.36380235,3.7811582]","[-34.82881443397737,96.8082494]",gold,Male
"[1,8]","[15,6]","[-22.36380235,3.7811582]","[-34.82881443397737,96.8082494]",classic,Female
"[1,8]","[15,6]","[-22.36380235,3.7811582]","[-34.82881443397737,96.8082494]",junior,Female
"[1,8]","[15,6]","[-22.36380235,3.7811582]","[-34.82881443397737,96.8082494]",classic,Male
"[1,29]","[2,46]","[27.717902,33.9155475]","[-118.1855016,-93.24796]",classic,Male
"[1,29]","[2,46]","[27.717902,33.9155475]","[-118.1855016,-93.24796]",classic,Male
"[1,29]","[2,46]","[27.717902,33.9155475]","[-118.1855016,-93.24796]",classic,Female
"[1,29]","[2,46]","[27.717902,33.9155475]","[-118.1855016,-93.24796]",classic,Female
"[1,29]","[2,46]","[27.717902,33.9155475]","[-118.1855016,-93.24796]",classic,Female
"[1,29]","[2,46]","[27.717902,33.9155475]","[-118.1855016,-93.24796]",gold,Female
"[12,8]","[21,46]","[27.717902,34.10608]","[-80.72281,-82.3169059]",junior,Male
"[12,8]","[21,46]","[27.717902,34.10608]","[-80.72281,-82.3169059]",classic,Male
"[12,8]","[21,46]","[27.717902,34.10608]","[-80.72281,-82.3169059]",gold,Male
"[12,8]","[21,46]","[27.717902,34.10608]","[-80.72281,-82.3169059]",classic,Female
"[12,8]","[21,46]","[27.717902,34.10608]","[-80.72281,-82.3169059]",classic,Male
"[1,6]","[24,39]","[15.6574032,25.4577795]","[30.5480245,80.0065516]",classic,Female
"[1,6]","[24,39]","[15.6574032,25.4577795]","[30.5480245,80.0065516]",classic,Female
"[1,6]","[24,39]","[15.6574032,25.4577795]","[30.5480245,80.0065516]",classic,Female
"[1,6]","[24,39]","[15.6574032,25.4577795]","[30.5480245,80.0065516]",classic,Male
"[1,7]","[12,8]","[-0.9398412,21.2391067]","[100.3535398,105.6758987]",classic,Female
"[1,7]","[12,8]","[-0.9398412,21.2391067]","[100.3535398,105.6758987]",classic,Female
"[1,7]","[12,8]","[-0.9398412,21.2391067]","[100.3535398,105.6758987]",classic,Male
"[1,7]","[12,8]","[-0.9398412,21.2391067]","[100.3535398,105.6758987]",classic,Female
"[1,5]","[10,13]","[21.2391067,21.2391067]","[105.6758987,105.6758987]",classic,Female
"[1,5]","[10,13]","[21.2391067,21.2391067]","[105.6758987,105.6758987]",junior,Male
"[1,5]","[10,13]","[21.2391067,21.2391067]","[105.6758987,105.6758987]",classic,Male
"[1,5]","[10,13]","[21.2391067,21.2391067]","[105.6758987,105.6758987]",classic,Male
"[18,32]","[10,8]","[-0.9398412,21.2391067]","[100.3535398,105.6758987]",junior,Female
"[18,32]","[10,8]","[-0.9398412,21.2391067]","[100.3535398,105.6758987]",classic,Male
"[18,32]","[10,8]","[-0.9398412,21.2391067]","[100.3535398,105.6758987]",classic,Male
"[18,32]","[10,8]","[-0.9398412,21.2391067]","[100.3535398,105.6758987]",classic,Female
"[18,32]","[10,8]","[-0.9398412,21.2391067]","[100.3535398,105.6758987]",classic,Male
"[18,32]","[10,8]","[-0.9398412,21.2391067]","[100.3535398,105.6758987]",classic,Female
"[18,32]","[10,8]","[-0.9398412,21.2391067]","[100.3535398,105.6758987]",classic,Female
"[1,4]","[15,47]","[21.2391067,3.7407987]","[105.6758987,96.83378527646357]",classic,Male
"[1,4]","[15,47]","[21.2391067,3.7407987]","[105.6758987,96.83378527646357]",classic,Male
"[1,4]","[15,47]","[21.2391067,3.7407987]","[105.6758987,96.83378527646357]",classic,Male
"[1,4]","[15,47]","[21.2391067,3.7407987]","[105.6758987,96.83378527646357]",classic,Male
"[1,4]","[15,47]","[21.2391067,3.7407987]","[105.6758987,96.83378527646357]",classic,Male
"[1,4]","[15,47]","[21.2391067,3.7407987]","[105.6758987,96.83378527646357]",classic,Male
"[1,4]","[15,47]","[21.2391067,3.7407987]","[105.6758987,96.83378527646357]",classic,Male
"[1,4]","[15,47]","[21.2391067,3.7407987]","[105.6758987,96.83378527646357]",classic,Female
"[13,9]","[13,20]","[21.2391067,21.2391067]","[105.6758987,105.6758987]",classic,Male
"[13,9]","[13,20]","[21.2391067,21.2391067]","[105.6758987,105.6758987]",classic,Female
"[13,9]","[13,20]","[21.2391067,21.2391067]","[105.6758987,105.6758987]",classic,Male
"[13,9]","[13,20]","[21.2391067,21.2391067]","[105.6758987,105.6758987]",classic,Female
"[16,28]","[13,31]","[-0.9398412,21.2391067]","[100.3535398,105.6758987]",classic,Male
"[16,28]","[13,31]","[-0.9398412,21.2391067]","[100.3535398,105.6758987]",classic,Male
"[16,28]","[13,31]","[-0.9398412,21.2391067]","[100.3535398,105.6758987]",classic,Male
"[16,28]","[13,31]","[-0.9398412,21.2391067]","[100.3535398,105.6758987]",classic,Female
"[1,15]","[38,9]","[-31.7631235,-4.9335876]","[116.0054635,144.6420693]",classic,Female
"[1,15]","[38,9]","[-31.7631235,-4.9335876]","[116.0054635,144.6420693]",junior,Male
"[1,15]","[38,9]","[-31.7631235,-4.9335876]","[116.0054635,144.6420693]",classic,Female
"[1,15]","[38,9]","[-31.7631235,-4.9335876]","[116.0054635,144.6420693]",classic,Female
"[18,32]","[12,8]","[-15.2562603,-33.8608832]","[116.0054635,167.151708]",classic,Female
"[18,32]","[12,8]","[-15.2562603,-33.8608832]","[116.0054635,167.151708]",classic,Male
"[18,32]","[12,8]","[-15.2562603,-33.8608832]","[116.0054635,167.151708]",junior,Male
"[18,32]","[12,8]","[-15.2562603,-33.8608832]","[116.0054635,167.151708]",classic,Female
"[1,4]","[18,43]","[-0.639722,13.760825]","[121.0627507,174.4279938]",gold,Female
"[1,4]","[18,43]","[-0.639722,13.760825]","[121.0627507,174.4279938]",classic,Female
"[1,4]","[18,43]","[-0.639722,13.760825]","[121.0627507,174.4279938]",junior,Female
"[1,4]","[18,43]","[-0.639722,13.760825]","[121.0627507,174.4279938]",classic,Female
"[1,4]","[18,43]","[-0.639722,13.760825]","[121.0627507,174.4279938]",classic,Female
"[1,4]","[18,43]","[-0.639722,13.760825]","[121.0627507,174.4279938]",classic,Male
"[1,4]","[23,47]","[13.760825,21.2391067]","[105.6758987,121.0627507]",classic,Male
"[1,4]","[23,47]","[13.760825,21.2391067]","[105.6758987,121.0627507]",classic,Female
"[1,4]","[23,47]","[13.760825,21.2391067]","[105.6758987,121.0627507]",classic,Female
"[1,4]","[23,47]","[13.760825,21.2391067]","[105.6758987,121.0627507]",classic,Female
"[1,4]","[23,47]","[13.760825,21.2391067]","[105.6758987,121.0627507]",classic,Female
"[1,4]","[23,47]","[13.760825,21.2391067]","[105.6758987,121.0627507]",classic,Male
"[1,4]","[23,47]","[13.760825,21.2391067]","[105.6758987,121.0627507]",junior,Male
"[11,7]","[23,28]","[21.2391067,21.2391067]","[105.6758987,105.6758987]",classic,Female
"[11,7]","[23,28]","[21.2391067,21.2391067]","[105.6758987,105.6758987]",classic,Female
"[11,7]","[23,28]","[21.2391067,21.2391067]","[105.6758987,105.6758987]",gold,Female
"[11,7]","[23,28]","[21.2391067,21.2391067]","[105.6758987,105.6758987]",classic,Female
"[11,7]","[23,28]","[21.2391067,21.2391067]","[105.6758987,105.6758987]",gold,Female
"[11,7]","[23,28]","[21.2391067,21.2391067]","[105.6758987,105.6758987]",classic,Male
"[11,7]","[23,28]","[21.2391067,21.2391067]","[105.6758987,105.6758987]",classic,Male
"[1,6]","[12,33]","[21.2391067,34.76436245]","[105.6758987,137.62649011075342]",classic,Male
"[1,6]","[12,33]","[21.2391067,34.76436245]","[105.6758987,137.62649011075342]",classic,Male
"[1,6]","[12,33]","[21.2391067,34.76436245]","[105.6758987,137.62649011075342]",classic,Male
"[1,6]","[12,33]","[21.2391067,34.76436245]","[105.6758987,137.62649011075342]",classic,Female
"[1,6]","[12,33]","[21.2391067,34.76436245]","[105.6758987,137.62649011075342]",classic,Female
"[1,6]","[12,33]","[21.2391067,34.76436245]","[105.6758987,137.62649011075342]",junior,Male
"[1,7]","[33,48]","[21.2391067,22.315357849999998]","[105.6758987,114.0451497252082]",classic,Male
"[1,7]","[33,48]","[21.2391067,22.315357849999998]","[105.6758987,114.0451497252082]",classic,Male
"[1,7]","[33,48]","[21.2391067,22.315357849999998]","[105.6758987,114.0451497252082]",classic,Female
"[1,7]","[33,48]","[21.2391067,22.315357849999998]","[105.6758987,114.0451497252082]",classic,Female
"[1,7]","[33,48]","[21.2391067,22.315357849999998]","[105.6758987,114.0451497252082]",classic,Male
"[1,7]","[33,48]","[21.2391067,22.315357849999998]","[105.6758987,114.0451497252082]",classic,Female
"[11,31]","[17,9]","[21.2391067,34.76436245]","[105.6758987,137.62649011075342]",junior,Male
"[11,31]","[17,9]","[21.2391067,34.76436245]","[105.6758987,137.62649011075342]",classic,Female
"[11,31]","[17,9]","[21.2391067,34.76436245]","[105.6758987,137.62649011075342]",classic,Male
"[11,31]","[17,9]","[21.2391067,34.76436245]","[105.6758987,137.62649011075342]",classic,Female
"[11,31]","[17,9]","[21.2391067,34.76436245]","[105.6758987,137.62649011075342]",classic,Male
"[11,31]","[17,9]","[21.2391067,34.76436245]","[105.6758987,137.62649011075342]",junior,Male
"[11,31]","[17,9]","[21.2391067,34.76436245]","[105.6758987,137.62649011075342]",classic,Female
"[18,27]","[35,47]","[21.2391067,22.315357849999998]","[105.6758987,114.0451497252082]",classic,Female
"[18,27]","[35,47]","[21.2391067,22.315357849999998]","[105.6758987,114.0451497252082]",classic,Female
"[18,27]","[35,47]","[21.2391067,22.315357849999998]","[105.6758987,114.0451497252082]",junior,Male
"[18,27]","[35,47]","[21.2391067,22.315357849999998]","[105.6758987,114.0451497252082]",classic,Female
"[18,27]","[35,47]","[21.2391067,22.315357849999998]","[105.6758987,114.0451497252082]",gold,Male
"[18,27]","[35,47]","[21.2391067,22.315357849999998]","[105.6758987,114.0451497252082]",classic,Female
"[1,9]","[10,6]","[39.862921,45.169709]","[-111.75649325870965,-88.822156]",classic,Female
"[1,9]","[10,6]","[39.862921,45.169709]","[-111.75649325870965,-88.822156]",classic,Female
"[1,9]","[10,6]","[39.862921,45.169709]","[-111.75649325870965,-88.822156]",classic,Male
"[1,9]","[10,6]","[39.862921,45.169709]","[-111.75649325870965,-88.822156]",classic,Male
"[1,9]","[10,6]","[39.862921,45.169709]","[-111.75649325870965,-88.822156]",junior,Male
"[1,9]","[10,6]","[39.862921,45.169709]","[-111.75649325870965,-88.822156]",classic,Male
"[1,9]","[10,6]","[39.862921,45.169709]","[-111.75649325870965,-88.822156]",classic,Male
"[1,8]","[10,8]","[43.1900046,54.4582586]","[-0.6627481,3.0804641]",gold,Male
"[1,8]","[10,8]","[43.1900046,54.4582586]","[-0.6627481,3.0804641]",classic,Female
"[1,8]","[10,8]","[43.1900046,54.4582586]","[-0.6627481,3.0804641]",classic,Male
"[1,8]","[10,8]","[43.1900046,54.4582586]","[-0.6627481,3.0804641]",classic,Female
"[1,8]","[10,8]","[43.1900046,54.4582586]","[-0.6627481,3.0804641]",classic,Male
"[1,8]","[10,8]","[43.1900046,54.4582586]","[-0.6627481,3.0804641]",classic,Female
"[1,8]","[10,8]","[43.1900046,54.4582586]","[-0.6627481,3.0804641]",junior,Female
"[20,33]","[10,5]","[35.31586,46.339903]","[-115.15799561955828,-95.84745]",classic,Female
"[20,33]","[10,5]","[35.31586,46.339903]","[-115.15799561955828,-95.84745]",gold,Female
"[20,33]","[10,5]","[35.31586,46.339903]","[-115.15799561955828,-95.84745]",classic,Male
"[20,33]","[10,5]","[35.31586,46.339903]","[-115.15799561955828,-95.84745]",classic,Female
"[20,33]","[10,5]","[35.31586,46.339903]","[-115.15799561955828,-95.84745]",classic,Female
"[20,33]","[10,5]","[35.31586,46.339903]","[-115.15799561955828,-95.84745]",classic,Female
"[20,33]","[10,5]","[35.31586,46.339903]","[-115.15799561955828,-95.84745]",junior,Female
"[19,34]","[15,9]","[38.5439017,60.1927138]","[-1.2432926722107096,-90.0577783]",classic,Male
"[19,34]","[15,9]","[38.5439017,60.1927138]","[-1.2432926722107096,-90.0577783]",classic,Male
"[19,34]","[15,9]","[38.5439017,60.1927138]","[-1.2432926722107096,-90.0577783]",classic,Male
"[19,34]","[15,9]","[38.5439017,60.1927138]","[-1.2432926722107096,-90.0577783]",classic,Male
"[19,34]","[15,9]","[38.5439017,60.1927138]","[-1.2432926722107096,-90.0577783]",classic,Male
"[19,34]","[15,9]","[38.5439017,60.1927138]","[-1.2432926722107096,-90.0577783]",gold,Male
"[1,5]","[24,45]","[37.4094105,47.71782]","[-115.6106061,-84.80486282582908]",classic,Female
"[1,5]","[24,45]","[37.4094105,47.71782]","[-115.6106061,-84.80486282582908]",junior,Male
"[1,5]","[24,45]","[37.4094105,47.71782]","[-115.6106061,-84.80486282582908]",classic,Male
"[1,5]","[24,45]","[37.4094105,47.71782]","[-115.6106061,-84.80486282582908]",classic,Male
"[1,5]","[24,45]","[37.4094105,47.71782]","[-115.6106061,-84.80486282582908]",classic,Female
"[1,5]","[24,45]","[37.4094105,47.71782]","[-115.6106061,-84.80486282582908]",classic,Male
"[1,5]","[24,45]","[37.4094105,47.71782]","[-115.6106061,-84.80486282582908]",junior,Male
"[1,9]","[25,45]","[44.3717578,51.5393731]","[0.3774018,3.0250261]",classic,Female
"[1,9]","[25,45]","[44.3717578,51.5393731]","[0.3774018,3.0250261]",classic,Male
"[1,9]","[25,45]","[44.3717578,51.5393731]","[0.3774018,3.0250261]",classic,Female
"[1,9]","[25,45]","[44.3717578,51.5393731]","[0.3774018,3.0250261]",classic,Female
"[1,9]","[25,45]","[44.3717578,51.5393731]","[0.3774018,3.0250261]",classic,Male
"[1,9]","[25,45]","[44.3717578,51.5393731]","[0.3774018,3.0250261]",classic,Male
"[1,9]","[25,45]","[44.3717578,51.5393731]","[0.3774018,3.0250261]",gold,Female
"[10,33]","[25,46]","[35.31586,46.070019]","[-115.15799561955828,-86.207463]",classic,Female
"[10,33]","[25,46]","[35.31586,46.070019]","[-115.15799561955828,-86.207463]",classic,Female
"[10,33]","[25,46]","[35.31586,46.070019]","[-115.15799561955828,-86.207463]",classic,Male
"[10,33]","[25,46]","[35.31586,46.070019]","[-115.15799561955828,-86.207463]",classic,Male
"[10,33]","[25,46]","[35.31586,46.070019]","[-115.15799561955828,-86.207463]",junior,Male
"[10,33]","[25,46]","[35.31586,46.070019]","[-115.15799561955828,-86.207463]",junior,Female
"[10,33]","[25,46]","[35.31586,46.070019]","[-115.15799561955828,-86.207463]",classic,Female
"[11,32]","[30,48]","[43.0827675,60.1927138]","[-0.6709548,3.0650383]",classic,Female
"[11,32]","[30,48]","[43.0827675,60.1927138]","[-0.6709548,3.0650383]",junior,Male
"[11,32]","[30,48]","[43.0827675,60.1927138]","[-0.6709548,3.0650383]",classic,Male
"[11,32]","[30,48]","[43.0827675,60.1927138]","[-0.6709548,3.0650383]",classic,Female
"[11,32]","[30,48]","[43.0827675,60.1927138]","[-0.6709548,3.0650383]",classic,Male
"[11,32]","[30,48]","[43.0827675,60.1927138]","[-0.6709548,3.0650383]",junior,Male
"[1,9]","[13,9]","[45.4138584,63.2270456]","[12.1339058,9.5983862]",classic,Male
"[1,9]","[13,9]","[45.4138584,63.2270456]","[12.1339058,9.5983862]",classic,Male
"[1,9]","[13,9]","[45.4138584,63.2270456]","[12.1339058,9.5983862]",junior,Male
"[1,9]","[13,9]","[45.4138584,63.2270456]","[12.1339058,9.5983862]",classic,Male
"[1,9]","[13,9]","[45.4138584,63.2270456]","[12.1339058,9.5983862]",classic,Female
"[1,9]","[13,9]","[45.4138584,63.2270456]","[12.1339058,9.5983862]",classic,Male
"[1,9]","[13,9]","[45.4138584,63.2270456]","[12.1339058,9.5983862]",junior,Female
"[1,2]","[22,46]","[37.8701147,52.1620973]","[12.4704618,8.5909636]",classic,Female
"[1,2]","[22,46]","[37.8701147,52.1620973]","[12.4704618,8.5909636]",junior,Female
"[1,2]","[22,46]","[37.8701147,52.1620973]","[12.4704618,8.5909636]",classic,Female
"[1,2]","[22,46]","[37.8701147,52.1620973]","[12.4704618,8.5909636]",gold,Female
"[1,2]","[22,46]","[37.8701147,52.1620973]","[12.4704618,8.5909636]",classic,Male
"[1,2]","[22,46]","[37.8701147,52.1620973]","[12.4704618,8.5909636]",classic,Female
"[1,2]","[22,46]","[37.8701147,52.1620973]","[12.4704618,8.5909636]",gold,Male
"[1,5]","[16,45]","[42.4020525,65.9917503]","[18.088296,24.2768263]",classic,Male
"[1,5]","[16,45]","[42.4020525,65.9917503]","[18.088296,24.2768263]",classic,Male
"[1,5]","[16,45]","[42.4020525,65.9917503]","[18.088296,24.2768263]",classic,Female
"[1,5]","[16,45]","[42.4020525,65.9917503]","[18.088296,24.2768263]",classic,Male
"[1,5]","[16,45]","[42.4020525,65.9917503]","[18.088296,24.2768263]",junior,Female
"[1,5]","[16,45]","[42.4020525,65.9917503]","[18.088296,24.2768263]",junior,Male
"[1,5]","[16,45]","[42.4020525,65.9917503]","[18.088296,24.2768263]",classic,Female
"[1,8]","[19,43]","[34.76436245,35.6468662]","[137.62649011075342,33.3213719]",classic,Male
"[1,8]","[19,43]","[34.76436245,35.6468662]","[137.62649011075342,33.3213719]",classic,Female
"[1,8]","[19,43]","[34.76436245,35.6468662]","[137.62649011075342,33.3213719]",classic,Female
"[1,8]","[19,43]","[34.76436245,35.6468662]","[137.62649011075342,33.3213719]",classic,Male
"[1,8]","[19,43]","[34.76436245,35.6468662]","[137.62649011075342,33.3213719]",classic,Male
"[1,8]","[19,43]","[34.76436245,35.6468662]","[137.62649011075342,33.3213719]",classic,Female
"[1,8]","[19,43]","[34.76436245,35.6468662]","[137.62649011075342,33.3213719]",junior,Male
"[16,29]","[15,8]","[44.011649199999994,52.8243943]","[10.11678226475984,9.1983435]",classic,Male
"[16,29]","[15,8]","[44.011649199999994,52.8243943]","[10.11678226475984,9.1983435]",classic,Male
"[16,29]","[15,8]","[44.011649199999994,52.8243943]","[10.11678226475984,9.1983435]",classic,Female
"[16,29]","[15,8]","[44.011649199999994,52.8243943]","[10.11678226475984,9.1983435]",classic,Female
"[16,29]","[15,8]","[44.011649199999994,52.8243943]","[10.11678226475984,9.1983435]",classic,Male
"[16,29]","[15,8]","[44.011649199999994,52.8243943]","[10.11678226475984,9.1983435]",classic,Female
"[16,29]","[15,8]","[44.011649199999994,52.8243943]","[10.11678226475984,9.1983435]",gold,Male
"[14,32]","[27,46]","[44.011649199999994,52.1620973]","[10.11678226475984,9.0752066]",classic,Female
"[14,32]","[27,46]","[44.011649199999994,52.1620973]","[10.11678226475984,9.0752066]",classic,Female
"[14,32]","[27,46]","[44.011649199999994,52.1620973]","[10.11678226475984,9.0752066]",classic,Male
"[14,32]","[27,46]","[44.011649199999994,52.1620973]","[10.11678226475984,9.0752066]",classic,Female
"[14,32]","[27,46]","[44.011649199999994,52.1620973]","[10.11678226475984,9.0752066]",classic,Male
"[14,32]","[27,46]","[44.011649199999994,52.1620973]","[10.11678226475984,9.0752066]",classic,Male
"[14,32]","[27,46]","[44.011649199999994,52.1620973]","[10.11678226475984,9.0752066]",classic,Male
"[15,33]","[13,7]","[41.3386673,63.8729927]","[12.871806244651292,20.3235369]",classic,Male
"[15,33]","[13,7]","[41.3386673,63.8729927]","[12.871806244651292,20.3235369]",classic,Female
"[15,33]","[13,7]","[41.3386673,63.8729927]","[12.871806244651292,20.3235369]",classic,Female
"[15,33]","[13,7]","[41.3386673,63.8729927]","[12.871806244651292,20.3235369]",classic,Male
"[15,33]","[13,7]","[41.3386673,63.8729927]","[12.871806244651292,20.3235369]",junior,Female
"[15,33]","[13,7]","[41.3386673,63.8729927]","[12.871806244651292,20.3235369]",classic,Female
"[15,33]","[13,7]","[41.3386673,63.8729927]","[12.871806244651292,20.3235369]",gold,Male
"[21,33]","[10,9]","[34.76436245,45.3561539]","[137.62649011075342,24.2768263]",junior,Female
"[21,33]","[10,9]","[34.76436245,45.3561539]","[137.62649011075342,24.2768263]",classic,Female
"[21,33]","[10,9]","[34.76436245,45.3561539]","[137.62649011075342,24.2768263]",classic,Female
"[21,33]","[10,9]","[34.76436245,45.3561539]","[137.62649011075342,24.2768263]",junior,Male
"[21,33]","[10,9]","[34.76436245,45.3561539]","[137.62649011075342,24.2768263]",classic,Male
"[21,33]","[10,9]","[34.76436245,45.3561539]","[137.62649011075342,24.2768263]",classic,Male
"[21,33]","[10,9]","[34.76436245,45.3561539]","[137.62649011075342,24.2768263]",gold,Male
"[1,9]","[53,75]","[-14.009103,-9.97261455]","[-48.88268053850169,27.8689563]",junior,Male
"[1,9]","[53,75]","[-14.009103,-9.97261455]","[-48.88268053850169,27.8689563]",classic,Female
"[1,9]","[53,75]","[-14.009103,-9.97261455]","[-48.88268053850169,27.8689563]",classic,Male
"[1,9]","[53,75]","[-14.009103,-9.97261455]","[-48.88268053850169,27.8689563]",junior,Female
"[1,9]","[53,75]","[-14.009103,-9.97261455]","[-48.88268053850169,27.8689563]",gold,Male
"[1,34]","[100,80]","[-17.1768881,0.3762873]","[-52.518647630274,6.7127607]",classic,Female
"[1,34]","[100,80]","[-17.1768881,0.3762873]","[-52.518647630274,6.7127607]",junior,Female
"[1,34]","[100,80]","[-17.1768881,0.3762873]","[-52.518647630274,6.7127607]",classic,Male
"[1,34]","[100,80]","[-17.1768881,0.3762873]","[-52.518647630274,6.7127607]",classic,Female
"[1,34]","[100,80]","[-17.1768881,0.3762873]","[-52.518647630274,6.7127607]",gold,Male
"[1,5]","[56,79]","[27.717902,33.9155475]","[-118.1855016,-82.3169059]",classic,Male
"[1,5]","[56,79]","[27.717902,33.9155475]","[-118.1855016,-82.3169059]",junior,Male
"[1,5]","[56,79]","[27.717902,33.9155475]","[-118.1855016,-82.3169059]",classic,Male
"[1,5]","[56,79]","[27.717902,33.9155475]","[-118.1855016,-82.3169059]",gold,Female
"[1,5]","[56,79]","[27.717902,33.9155475]","[-118.1855016,-82.3169059]",classic,Male
"[1,9]","[101,99]","[22.8176662,34.10608]","[-80.72281,70.8345928]",classic,Female
"[1,9]","[101,99]","[22.8176662,34.10608]","[-80.72281,70.8345928]",classic,Female
"[1,9]","[101,99]","[22.8176662,34.10608]","[-80.72281,70.8345928]",classic,Male
"[1,9]","[101,99]","[22.8176662,34.10608]","[-80.72281,70.8345928]",classic,Female
"[1,9]","[101,99]","[22.8176662,34.10608]","[-80.72281,70.8345928]",classic,Female
"[1,8]","[49,55]","[21.2391067,3.7341097000000003]","[105.6758987,96.84789194999999]",classic,Female
"[1,8]","[49,55]","[21.2391067,3.7341097000000003]","[105.6758987,96.84789194999999]",classic,Female
"[1,8]","[49,55]","[21.2391067,3.7341097000000003]","[105.6758987,96.84789194999999]",classic,Male
"[1,8]","[49,55]","[21.2391067,3.7341097000000003]","[105.6758987,96.84789194999999]",classic,Female
"[1,8]","[49,55]","[21.2391067,3.7341097000000003]","[105.6758987,96.84789194999999]",classic,Female
"[1,8]","[49,55]","[21.2391067,3.7341097000000003]","[105.6758987,96.84789194999999]",classic,Male
"[1,5]","[57,72]","[12.28439,3.7768267]","[105.6758987,96.84789194999999]",classic,Male
"[1,5]","[57,72]","[12.28439,3.7768267]","[105.6758987,96.84789194999999]",junior,Male
"[1,5]","[57,72]","[12.28439,3.7768267]","[105.6758987,96.84789194999999]",classic,Male
"[1,5]","[57,72]","[12.28439,3.7768267]","[105.6758987,96.84789194999999]",classic,Female
"[1,5]","[57,72]","[12.28439,3.7768267]","[105.6758987,96.84789194999999]",classic,Male
"[14,30]","[48,52]","[15.6574032,21.2391067]","[105.6758987,80.0065516]",classic,Female
"[14,30]","[48,52]","[15.6574032,21.2391067]","[105.6758987,80.0065516]",gold,Male
"[14,30]","[48,52]","[15.6574032,21.2391067]","[105.6758987,80.0065516]",junior,Female
"[14,30]","[48,52]","[15.6574032,21.2391067]","[105.6758987,80.0065516]",classic,Female
"[14,30]","[48,52]","[15.6574032,21.2391067]","[105.6758987,80.0065516]",classic,Male
"[21,33]","[52,80]","[21.2391067,22.8176662]","[105.6758987,70.8345928]",gold,Male
"[21,33]","[52,80]","[21.2391067,22.8176662]","[105.6758987,70.8345928]",classic,Male
"[21,33]","[52,80]","[21.2391067,22.8176662]","[105.6758987,70.8345928]",classic,Male
"[21,33]","[52,80]","[21.2391067,22.8176662]","[105.6758987,70.8345928]",classic,Female
"[21,33]","[52,80]","[21.2391067,22.8176662]","[105.6758987,70.8345928]",classic,Male
"[21,33]","[52,80]","[21.2391067,22.8176662]","[105.6758987,70.8345928]",classic,Female
"[1,2]","[61,72]","[21.2391067,21.2391067]","[105.6758987,105.6758987]",junior,Male
"[1,2]","[61,72]","[21.2391067,21.2391067]","[105.6758987,105.6758987]",classic,Male
"[1,2]","[61,72]","[21.2391067,21.2391067]","[105.6758987,105.6758987]",classic,Male
"[1,2]","[61,72]","[21.2391067,21.2391067]","[105.6758987,105.6758987]",classic,Male
"[1,1]","[74,80]","[21.2391067,21.2391067]","[105.6758987,105.6758987]",classic,Female
"[1,1]","[74,80]","[21.2391067,21.2391067]","[105.6758987,105.6758987]",junior,Female
"[1,1]","[74,80]","[21.2391067,21.2391067]","[105.6758987,105.6758987]",classic,Male
"[1,1]","[74,80]","[21.2391067,21.2391067]","[105.6758987,105.6758987]",classic,Female
"[12,4]","[61,77]","[21.2391067,21.2391067]","[105.6758987,105.6758987]",junior,Male
"[12,4]","[61,77]","[21.2391067,21.2391067]","[105.6758987,105.6758987]",classic,Female
"[12,4]","[61,77]","[21.2391067,21.2391067]","[105.6758987,105.6758987]",classic,Female
"[12,4]","[61,77]","[21.2391067,21.2391067]","[105.6758987,105.6758987]",junior,Male
"[12,4]","[61,77]","[21.2391067,21.2391067]","[105.6758987,105.6758987]",classic,Male
"[12,4]","[61,77]","[21.2391067,21.2391067]","[105.6758987,105.6758987]",classic,Male
"[12,4]","[61,77]","[21.2391067,21.2391067]","[105.6758987,105.6758987]",junior,Male
"[1,7]","[57,91]","[-0.639722,-4.9335876]","[116.0054635,174.4279938]",classic,Female
"[1,7]","[57,91]","[-0.639722,-4.9335876]","[116.0054635,174.4279938]",classic,Male
"[1,7]","[57,91]","[-0.639722,-4.9335876]","[116.0054635,174.4279938]",classic,Female
"[1,7]","[57,91]","[-0.639722,-4.9335876]","[116.0054635,174.4279938]",junior,Female
"[1,7]","[57,91]","[-0.639722,-4.9335876]","[116.0054635,174.4279938]",gold,Male
"[14,29]","[62,90]","[-0.639722,-34.8144057]","[116.0054635,174.4279938]",classic,Female
"[14,29]","[62,90]","[-0.639722,-34.8144057]","[116.0054635,174.4279938]",classic,Female
"[14,29]","[62,90]","[-0.639722,-34.8144057]","[116.0054635,174.4279938]",junior,Female
"[14,29]","[62,90]","[-0.639722,-34.8144057]","[116.0054635,174.4279938]",classic,Male
"[14,29]","[62,90]","[-0.639722,-34.8144057]","[116.0054635,174.4279938]",classic,Female
"[1,8]","[100,85]","[-0.639722,13.760825]","[121.0627507,174.4279938]",classic,Female
"[1,8]","[100,85]","[-0.639722,13.760825]","[121.0627507,174.4279938]",junior,Male
"[1,8]","[100,85]","[-0.639722,13.760825]","[121.0627507,174.4279938]",gold,Female
"[1,8]","[100,85]","[-0.639722,13.760825]","[121.0627507,174.4279938]",classic,Male
"[1,8]","[100,85]","[-0.639722,13.760825]","[121.0627507,174.4279938]",classic,Female
"[1,5]","[86,90]","[21.2391067,21.2391067]","[105.6758987,105.6758987]",junior,Female
"[1,5]","[86,90]","[21.2391067,21.2391067]","[105.6758987,105.6758987]",classic,Male
"[1,5]","[86,90]","[21.2391067,21.2391067]","[105.6758987,105.6758987]",junior,Female
"[1,5]","[86,90]","[21.2391067,21.2391067]","[105.6758987,105.6758987]",classic,Female
"[12,17]","[85,89]","[21.2391067,21.2391067]","[105.6758987,105.6758987]",classic,Male
"[12,17]","[85,89]","[21.2391067,21.2391067]","[105.6758987,105.6758987]",classic,Male
"[12,17]","[85,89]","[21.2391067,21.2391067]","[105.6758987,105.6758987]",classic,Female
"[12,17]","[85,89]","[21.2391067,21.2391067]","[105.6758987,105.6758987]",classic,Male
"[22,31]","[80,90]","[21.2391067,21.2391067]","[105.6758987,105.6758987]",gold,Male
"[22,31]","[80,90]","[21.2391067,21.2391067]","[105.6758987,105.6758987]",classic,Female
"[22,31]","[80,90]","[21.2391067,21.2391067]","[105.6758987,105.6758987]",classic,Male
"[22,31]","[80,90]","[21.2391067,21.2391067]","[105.6758987,105.6758987]",classic,Male
"[22,31]","[80,90]","[21.2391067,21.2391067]","[105.6758987,105.6758987]",classic,Male
"[22,31]","[80,90]","[21.2391067,21.2391067]","[105.6758987,105.6758987]",junior,Male
"[22,31]","[80,90]","[21.2391067,21.2391067]","[105.6758987,105.6758987]",classic,Male
"[1,9]","[55,71]","[22.315357849999998,34.76436245]","[114.0451497252082,137.62649011075342]",classic,Male
"[1,9]","[55,71]","[22.315357849999998,34.76436245]","[114.0451497252082,137.62649011075342]",classic,Male
"[1,9]","[55,71]","[22.315357849999998,34.76436245]","[114.0451497252082,137.62649011075342]",classic,Male
"[1,9]","[55,71]","[22.315357849999998,34.76436245]","[114.0451497252082,137.62649011075342]",junior,Male
"[1,9]","[55,71]","[22.315357849999998,34.76436245]","[114.0451497252082,137.62649011075342]",classic,Female
"[1,9]","[55,71]","[22.315357849999998,34.76436245]","[114.0451497252082,137.62649011075342]",classic,Female
"[1,9]","[55,71]","[22.315357849999998,34.76436245]","[114.0451497252082,137.62649011075342]",gold,Male
"[1,5]","[90,93]","[21.2391067,24.1299753]","[105.6758987,120.6343613]",classic,Female
"[1,5]","[90,93]","[21.2391067,24.1299753]","[105.6758987,120.6343613]",classic,Female
"[1,5]","[90,93]","[21.2391067,24.1299753]","[105.6758987,120.6343613]",gold,Female
"[1,5]","[90,93]","[21.2391067,24.1299753]","[105.6758987,120.6343613]",junior,Male
"[1,5]","[90,93]","[21.2391067,24.1299753]","[105.6758987,120.6343613]",classic,Female
"[1,5]","[90,93]","[21.2391067,24.1299753]","[105.6758987,120.6343613]",classic,Female
"[1,9]","[100,98]","[21.2391067,22.315357849999998]","[105.6758987,114.0451497252082]",classic,Male
"[1,9]","[100,98]","[21.2391067,22.315357849999998]","[105.6758987,114.0451497252082]",classic,Female
"[1,9]","[100,98]","[21.2391067,22.315357849999998]","[105.6758987,114.0451497252082]",gold,Female
"[1,9]","[100,98]","[21.2391067,22.315357849999998]","[105.6758987,114.0451497252082]",classic,Female
"[1,9]","[100,98]","[21.2391067,22.315357849999998]","[105.6758987,114.0451497252082]",classic,Male
"[1,9]","[100,98]","[21.2391067,22.315357849999998]","[105.6758987,114.0451497252082]",classic,Male
"[24,31]","[101,99]","[21.2391067,22.315357849999998]","[105.6758987,114.0451497252082]",classic,Female
"[24,31]","[101,99]","[21.2391067,22.315357849999998]","[105.6758987,114.0451497252082]",junior,Female
"[24,31]","[101,99]","[21.2391067,22.315357849999998]","[105.6758987,114.0451497252082]",junior,Male
"[24,31]","[101,99]","[21.2391067,22.315357849999998]","[105.6758987,114.0451497252082]",gold,Female
"[24,31]","[101,99]","[21.2391067,22.315357849999998]","[105.6758987,114.0451497252082]",classic,Female
"[24,31]","[101,99]","[21.2391067,22.315357849999998]","[105.6758987,114.0451497252082]",classic,Male
"[1,9]","[53,73]","[35.31586,47.6985307]","[-111.043401,-86.207463]",gold,Male
"[1,9]","[53,73]","[35.31586,47.6985307]","[-111.043401,-86.207463]",classic,Female
"[1,9]","[53,73]","[35.31586,47.6985307]","[-111.043401,-86.207463]",junior,Male
"[1,9]","[53,73]","[35.31586,47.6985307]","[-111.043401,-86.207463]",classic,Female
"[1,9]","[53,73]","[35.31586,47.6985307]","[-111.043401,-86.207463]",classic,Male
"[1,9]","[53,73]","[35.31586,47.6985307]","[-111.043401,-86.207463]",classic,Male
"[1,9]","[53,73]","[35.31586,47.6985307]","[-111.043401,-86.207463]",classic,Female
"[1,8]","[58,74]","[43.1900046,51.7020242]","[-1.6933136,1.4175744]",junior,Male
"[1,8]","[58,74]","[43.1900046,51.7020242]","[-1.6933136,1.4175744]",classic,Female
"[1,8]","[58,74]","[43.1900046,51.7020242]","[-1.6933136,1.4175744]",classic,Male
"[1,8]","[58,74]","[43.1900046,51.7020242]","[-1.6933136,1.4175744]",junior,Male
"[1,8]","[58,74]","[43.1900046,51.7020242]","[-1.6933136,1.4175744]",classic,Female
"[1,8]","[58,74]","[43.1900046,51.7020242]","[-1.6933136,1.4175744]",junior,Male
"[19,30]","[52,58]","[45.169709,46.0272752]","[-116.5759867,-123.0111111]",classic,Male
"[19,30]","[52,58]","[45.169709,46.0272752]","[-116.5759867,-123.0111111]",classic,Male
"[19,30]","[52,58]","[45.169709,46.0272752]","[-116.5759867,-123.0111111]",classic,Male
"[19,30]","[52,58]","[45.169709,46.0272752]","[-116.5759867,-123.0111111]",classic,Male
"[20,33]","[67,71]","[40.3070954,45.169709]","[-111.75649325870965,-88.822156]",junior,Male
"[20,33]","[67,71]","[40.3070954,45.169709]","[-111.75649325870965,-88.822156]",classic,Male
"[20,33]","[67,71]","[40.3070954,45.169709]","[-111.75649325870965,-88.822156]",classic,Female
"[20,33]","[67,71]","[40.3070954,45.169709]","[-111.75649325870965,-88.822156]",classic,Female
"[13,9]","[54,75]","[39.862921,52.45376785]","[-0.33248,1.4175744]",classic,Male
"[13,9]","[54,75]","[39.862921,52.45376785]","[-0.33248,1.4175744]",classic,Male
"[13,9]","[54,75]","[39.862921,52.45376785]","[-0.33248,1.4175744]",classic,Female
"[13,9]","[54,75]","[39.862921,52.45376785]","[-0.33248,1.4175744]",classic,Female
"[13,9]","[54,75]","[39.862921,52.45376785]","[-0.33248,1.4175744]",classic,Male
"[13,9]","[54,75]","[39.862921,52.45376785]","[-0.33248,1.4175744]",classic,Female
"[13,9]","[54,75]","[39.862921,52.45376785]","[-0.33248,1.4175744]",gold,Male
"[1,6]","[101,94]","[37.4094105,44.0289536]","[-111.75744478718045,-86.207463]",classic,Female
"[1,6]","[101,94]","[37.4094105,44.0289536]","[-111.75744478718045,-86.207463]",classic,Male
"[1,6]","[101,94]","[37.4094105,44.0289536]","[-111.75744478718045,-86.207463]",junior,Female
"[1,6]","[101,94]","[37.4094105,44.0289536]","[-111.75744478718045,-86.207463]",classic,Female
"[1,6]","[101,94]","[37.4094105,44.0289536]","[-111.75744478718045,-86.207463]",classic,Male
"[1,6]","[101,94]","[37.4094105,44.0289536]","[-111.75744478718045,-86.207463]",gold,Female
"[1,6]","[101,94]","[37.4094105,44.0289536]","[-111.75744478718045,-86.207463]",classic,Female
"[1,9]","[79,99]","[43.1900046,52.6196399]","[-0.33248,3.6959771]",gold,Male
"[1,9]","[79,99]","[43.1900046,52.6196399]","[-0.33248,3.6959771]",classic,Female
"[1,9]","[79,99]","[43.1900046,52.6196399]","[-0.33248,3.6959771]",classic,Female
"[1,9]","[79,99]","[43.1900046,52.6196399]","[-0.33248,3.6959771]",junior,Male
"[1,9]","[79,99]","[43.1900046,52.6196399]","[-0.33248,3.6959771]",classic,Male
"[1,9]","[79,99]","[43.1900046,52.6196399]","[-0.33248,3.6959771]",junior,Female
"[1,9]","[79,99]","[43.1900046,52.6196399]","[-0.33248,3.6959771]",junior,Male
"[13,32]","[101,96]","[35.31586,43.1900046]","[-115.15799561955828,-90.0577783]",classic,Male
"[13,32]","[101,96]","[35.31586,43.1900046]","[-115.15799561955828,-90.0577783]",junior,Female
"[13,32]","[101,96]","[35.31586,43.1900046]","[-115.15799561955828,-90.0577783]",classic,Female
"[13,32]","[101,96]","[35.31586,43.1900046]","[-115.15799561955828,-90.0577783]",classic,Male
"[13,32]","[101,96]","[35.31586,43.1900046]","[-115.15799561955828,-90.0577783]",classic,Female
"[13,32]","[101,96]","[35.31586,43.1900046]","[-115.15799561955828,-90.0577783]",classic,Female
"[10,27]","[82,97]","[43.1900046,51.4907819]","[-0.33248,0.3774018]",classic,Female
"[10,27]","[82,97]","[43.1900046,51.4907819]","[-0.33248,0.3774018]",junior,Male
"[10,27]","[82,97]","[43.1900046,51.4907819]","[-0.33248,0.3774018]",classic,Male
"[10,27]","[82,97]","[43.1900046,51.4907819]","[-0.33248,0.3774018]",classic,Male
"[27,33]","[77,99]","[43.1900046,52.370336]","[-0.1556566,4.8895215]",junior,Male
"[27,33]","[77,99]","[43.1900046,52.370336]","[-0.1556566,4.8895215]",classic,Male
"[27,33]","[77,99]","[43.1900046,52.370336]","[-0.1556566,4.8895215]",classic,Male
"[27,33]","[77,99]","[43.1900046,52.370336]","[-0.1556566,4.8895215]",classic,Male
"[1,3]","[50,72]","[37.8381386,63.8729927]","[11.581714099864232,9.0752066]",classic,Female
"[1,3]","[50,72]","[37.8381386,63.8729927]","[11.581714099864232,9.0752066]",classic,Male
"[1,3]","[50,72]","[37.8381386,63.8729927]","[11.581714099864232,9.0752066]",gold,Male
"[1,3]","[50,72]","[37.8381386,63.8729927]","[11.581714099864232,9.0752066]",classic,Female
"[1,3]","[50,72]","[37.8381386,63.8729927]","[11.581714099864232,9.0752066]",classic,Female
"[1,3]","[50,72]","[37.8381386,63.8729927]","[11.581714099864232,9.0752066]",gold,Male
"[1,3]","[50,72]","[37.8381386,63.8729927]","[11.581714099864232,9.0752066]",classic,Male
"[18,30]","[48,75]","[41.3386673,64.2190881]","[11.581714099864232,8.5909636]",junior,Male
"[18,30]","[48,75]","[41.3386673,64.2190881]","[11.581714099864232,8.5909636]",junior,Female
"[18,30]","[48,75]","[41.3386673,64.2190881]","[11.581714099864232,8.5909636]",classic,Male
"[18,30]","[48,75]","[41.3386673,64.2190881]","[11.581714099864232,8.5909636]",classic,Female
"[18,30]","[48,75]","[41.3386673,64.2190881]","[11.581714099864232,8.5909636]",gold,Male
"[18,30]","[48,75]","[41.3386673,64.2190881]","[11.581714099864232,8.5909636]",classic,Female
"[18,30]","[48,75]","[41.3386673,64.2190881]","[11.581714099864232,8.5909636]",classic,Female
"[1,28]","[56,78]","[42.4020525,63.8729927]","[19.8958197,24.2768263]",classic,Male
"[1,28]","[56,78]","[42.4020525,63.8729927]","[19.8958197,24.2768263]",classic,Male
"[1,28]","[56,78]","[42.4020525,63.8729927]","[19.8958197,24.2768263]",junior,Male
"[1,28]","[56,78]","[42.4020525,63.8729927]","[19.8958197,24.2768263]",junior,Male
"[1,28]","[56,78]","[42.4020525,63.8729927]","[19.8958197,24.2768263]",classic,Male
"[1,28]","[56,78]","[42.4020525,63.8729927]","[19.8958197,24.2768263]",classic,Female
"[1,28]","[56,78]","[42.4020525,63.8729927]","[19.8958197,24.2768263]",classic,Female
"[1,9]","[65,77]","[34.76436245,35.6468662]","[137.62649011075342,139.7435795]",classic,Female
"[1,9]","[65,77]","[34.76436245,35.6468662]","[137.62649011075342,139.7435795]",classic,Female
"[1,9]","[65,77]","[34.76436245,35.6468662]","[137.62649011075342,139.7435795]",classic,Male
"[1,9]","[65,77]","[34.76436245,35.6468662]","[137.62649011075342,139.7435795]",classic,Female
"[1,9]","[65,77]","[34.76436245,35.6468662]","[137.62649011075342,139.7435795]",classic,Female
"[1,9]","[65,77]","[34.76436245,35.6468662]","[137.62649011075342,139.7435795]",classic,Male
"[1,9]","[65,77]","[34.76436245,35.6468662]","[137.62649011075342,139.7435795]",junior,Male
"[1,1]","[79,89]","[34.76436245,65.160257]","[137.62649011075342,24.2768263]",classic,Female
"[1,1]","[79,89]","[34.76436245,65.160257]","[137.62649011075342,24.2768263]",classic,Male
"[1,1]","[79,89]","[34.76436245,65.160257]","[137.62649011075342,24.2768263]",classic,Female
"[1,1]","[79,89]","[34.76436245,65.160257]","[137.62649011075342,24.2768263]",gold,Male
"[1,1]","[79,89]","[34.76436245,65.160257]","[137.62649011075342,24.2768263]",junior,Female
"[1,1]","[79,89]","[34.76436245,65.160257]","[137.62649011075342,24.2768263]",classic,Female
"[1,1]","[79,89]","[34.76436245,65.160257]","[137.62649011075342,24.2768263]",junior,Male
"[1,1]","[102,98]","[43.5893631,52.1620973]","[5.3496353,9.82279009151976]",gold,Female
"[1,1]","[102,98]","[43.5893631,52.1620973]","[5.3496353,9.82279009151976]",classic,Male
"[1,1]","[102,98]","[43.5893631,52.1620973]","[5.3496353,9.82279009151976]",gold,Male
"[1,1]","[102,98]","[43.5893631,52.1620973]","[5.3496353,9.82279009151976]",junior,Male
"[1,1]","[102,98]","[43.5893631,52.1620973]","[5.3496353,9.82279009151976]",junior,Female
"[1,4]","[103,98]","[34.76436245,45.9494582]","[10.2524462,9.82279009151976]",classic,Female
"[1,4]","[103,98]","[34.76436245,45.9494582]","[10.2524462,9.82279009151976]",classic,Female
"[1,4]","[103,98]","[34.76436245,45.9494582]","[10.2524462,9.82279009151976]",classic,Female
"[1,4]","[103,98]","[34.76436245,45.9494582]","[10.2524462,9.82279009151976]",classic,Male
"[1,4]","[103,98]","[34.76436245,45.9494582]","[10.2524462,9.82279009151976]",classic,Male
"[23,9]","[103,92]","[45.9494582,51.4765067]","[10.2524462,8.5909636]",classic,Male
"[23,9]","[103,92]","[45.9494582,51.4765067]","[10.2524462,8.5909636]",classic,Male
"[23,9]","[103,92]","[45.9494582,51.4765067]","[10.2524462,8.5909636]",junior,Male
"[23,9]","[103,92]","[45.9494582,51.4765067]","[10.2524462,8.5909636]",classic,Female
"[23,9]","[103,92]","[45.9494582,51.4765067]","[10.2524462,8.5909636]",classic,Female
"[15,9]","[88,98]","[34.76436245,63.8729927]","[137.62649011075342,19.8958197]",classic,Male
"[15,9]","[88,98]","[34.76436245,63.8729927]","[137.62649011075342,19.8958197]",classic,Female
"[15,9]","[88,98]","[34.76436245,63.8729927]","[137.62649011075342,19.8958197]",classic,Female
"[15,9]","[88,98]","[34.76436245,63.8729927]","[137.62649011075342,19.8958197]",classic,Male
"[15,9]","[88,98]","[34.76436245,63.8729927]","[137.62649011075342,19.8958197]",classic,Male
"[35,42]","[15,35]","[-12.07671465,-31.42239885]","[-63.04977211857161,-77.05315265]",classic,Male
"[35,42]","[15,35]","[-12.07671465,-31.42239885]","[-63.04977211857161,-77.05315265]",classic,Female
"[35,42]","[15,35]","[-12.07671465,-31.42239885]","[-63.04977211857161,-77.05315265]",junior,Female
"[35,42]","[15,35]","[-12.07671465,-31.42239885]","[-63.04977211857161,-77.05315265]",classic,Female
"[39,44]","[47,56]","[-17.1768881,-8.9014344]","[-41.185298,13.2321768]",classic,Female
"[39,44]","[47,56]","[-17.1768881,-8.9014344]","[-41.185298,13.2321768]",classic,Male
"[39,44]","[47,56]","[-17.1768881,-8.9014344]","[-41.185298,13.2321768]",classic,Female
"[39,44]","[47,56]","[-17.1768881,-8.9014344]","[-41.185298,13.2321768]",classic,Female
"[36,46]","[10,9]","[-33.9966839,21.2391067]","[105.6758987,80.0065516]",junior,Male
"[36,46]","[10,9]","[-33.9966839,21.2391067]","[105.6758987,80.0065516]",junior,Female
"[36,46]","[10,9]","[-33.9966839,21.2391067]","[105.6758987,80.0065516]",junior,Female
"[36,46]","[10,9]","[-33.9966839,21.2391067]","[105.6758987,80.0065516]",classic,Female
"[36,46]","[10,9]","[-33.9966839,21.2391067]","[105.6758987,80.0065516]",classic,Female
"[36,46]","[10,9]","[-33.9966839,21.2391067]","[105.6758987,80.0065516]",classic,Female
"[36,46]","[10,9]","[-33.9966839,21.2391067]","[105.6758987,80.0065516]",classic,Female
"[36,46]","[10,9]","[-33.9966839,21.2391067]","[105.6758987,80.0065516]",classic,Female
"[48,74]","[19,50]","[-0.9398412,3.7341097000000003]","[-53.83412901938374,96.84789194999999]",classic,Male
"[48,74]","[19,50]","[-0.9398412,3.7341097000000003]","[-53.83412901938374,96.84789194999999]",classic,Female
"[48,74]","[19,50]","[-0.9398412,3.7341097000000003]","[-53.83412901938374,96.84789194999999]",classic,Male
"[48,74]","[19,50]","[-0.9398412,3.7341097000000003]","[-53.83412901938374,96.84789194999999]",classic,Female
"[48,74]","[19,50]","[-0.9398412,3.7341097000000003]","[-53.83412901938374,96.84789194999999]",classic,Male
"[48,74]","[19,50]","[-0.9398412,3.7341097000000003]","[-53.83412901938374,96.84789194999999]",classic,Female
"[48,74]","[19,50]","[-0.9398412,3.7341097000000003]","[-53.83412901938374,96.84789194999999]",classic,Male
"[54,71]","[11,7]","[12.28439,21.2391067]","[105.6758987,80.6362193]",classic,Male
"[54,71]","[11,7]","[12.28439,21.2391067]","[105.6758987,80.6362193]",junior,Male
"[54,71]","[11,7]","[12.28439,21.2391067]","[105.6758987,80.6362193]",classic,Male
"[54,71]","[11,7]","[12.28439,21.2391067]","[105.6758987,80.6362193]",classic,Male
"[74,77]","[2,8]","[16.5750084,21.2391067]","[105.6758987,80.3560764]",classic,Female
"[74,77]","[2,8]","[16.5750084,21.2391067]","[105.6758987,80.3560764]",classic,Female
"[74,77]","[2,8]","[16.5750084,21.2391067]","[105.6758987,80.3560764]",classic,Female
"[74,77]","[2,8]","[16.5750084,21.2391067]","[105.6758987,80.3560764]",classic,Female
"[42,66]","[11,7]","[30.3596255,35.31586]","[-118.1855016,-93.24796]",gold,Female
"[42,66]","[11,7]","[30.3596255,35.31586]","[-118.1855016,-93.24796]",gold,Male
"[42,66]","[11,7]","[30.3596255,35.31586]","[-118.1855016,-93.24796]",gold,Male
"[42,66]","[11,7]","[30.3596255,35.31586]","[-118.1855016,-93.24796]",classic,Male
"[42,66]","[11,7]","[30.3596255,35.31586]","[-118.1855016,-93.24796]",classic,Female
"[42,66]","[11,7]","[30.3596255,35.31586]","[-118.1855016,-93.24796]",junior,Female
"[42,66]","[11,7]","[30.3596255,35.31586]","[-118.1855016,-93.24796]",classic,Female
"[36,74]","[13,9]","[22.8176662,34.10608]","[-80.72281,70.8345928]",classic,Male
"[36,74]","[13,9]","[22.8176662,34.10608]","[-80.72281,70.8345928]",classic,Female
"[36,74]","[13,9]","[22.8176662,34.10608]","[-80.72281,70.8345928]",classic,Female
"[36,74]","[13,9]","[22.8176662,34.10608]","[-80.72281,70.8345928]",junior,Female
"[36,74]","[13,9]","[22.8176662,34.10608]","[-80.72281,70.8345928]",classic,Male
"[36,74]","[13,9]","[22.8176662,34.10608]","[-80.72281,70.8345928]",classic,Male
"[36,44]","[18,48]","[21.2391067,23.785907899999998]","[105.6758987,90.40261015]",junior,Female
"[36,44]","[18,48]","[21.2391067,23.785907899999998]","[105.6758987,90.40261015]",classic,Male
"[36,44]","[18,48]","[21.2391067,23.785907899999998]","[105.6758987,90.40261015]",junior,Male
"[36,44]","[18,48]","[21.2391067,23.785907899999998]","[105.6758987,90.40261015]",classic,Male
"[47,60]","[17,25]","[21.2391067,21.2391067]","[105.6758987,105.6758987]",classic,Female
"[47,60]","[17,25]","[21.2391067,21.2391067]","[105.6758987,105.6758987]",classic,Male
"[47,60]","[17,25]","[21.2391067,21.2391067]","[105.6758987,105.6758987]",classic,Male
"[47,60]","[17,25]","[21.2391067,21.2391067]","[105.6758987,105.6758987]",classic,Male
"[64,73]","[24,45]","[21.2391067,26.7679724]","[105.6758987,94.2347022]",classic,Female
"[64,73]","[24,45]","[21.2391067,26.7679724]","[105.6758987,94.2347022]",classic,Female
"[64,73]","[24,45]","[21.2391067,26.7679724]","[105.6758987,94.2347022]",classic,Male
"[64,73]","[24,45]","[21.2391067,26.7679724]","[105.6758987,94.2347022]",classic,Female
"[64,73]","[24,45]","[21.2391067,26.7679724]","[105.6758987,94.2347022]",classic,Female
"[64,73]","[24,45]","[21.2391067,26.7679724]","[105.6758987,94.2347022]",junior,Male
"[64,73]","[24,45]","[21.2391067,26.7679724]","[105.6758987,94.2347022]",classic,Female
"[36,54]","[30,9]","[-15.2562603,-32.1955535]","[116.0054635,167.151708]",junior,Male
"[36,54]","[30,9]","[-15.2562603,-32.1955535]","[116.0054635,167.151708]",classic,Female
"[36,54]","[30,9]","[-15.2562603,-32.1955535]","[116.0054635,167.151708]",classic,Female
"[36,54]","[30,9]","[-15.2562603,-32.1955535]","[116.0054635,167.151708]",classic,Male
"[36,54]","[30,9]","[-15.2562603,-32.1955535]","[116.0054635,167.151708]",classic,Female
"[39,52]","[12,34]","[-0.639722,-15.2562603]","[167.151708,174.4279938]",classic,Female
"[39,52]","[12,34]","[-0.639722,-15.2562603]","[167.151708,174.4279938]",classic,Male
"[39,52]","[12,34]","[-0.639722,-15.2562603]","[167.151708,174.4279938]",classic,Male
"[39,52]","[12,34]","[-0.639722,-15.2562603]","[167.151708,174.4279938]",classic,Female
"[59,73]","[15,49]","[-32.1955535,-34.8144057]","[138.6736669,148.6077815]",classic,Female
"[59,73]","[15,49]","[-32.1955535,-34.8144057]","[138.6736669,148.6077815]",classic,Female
"[59,73]","[15,49]","[-32.1955535,-34.8144057]","[138.6736669,148.6077815]",classic,Male
"[59,73]","[15,49]","[-32.1955535,-34.8144057]","[138.6736669,148.6077815]",classic,Male
"[57,74]","[23,41]","[-0.639722,-4.9335876]","[144.6420693,174.4279938]",classic,Male
"[57,74]","[23,41]","[-0.639722,-4.9335876]","[144.6420693,174.4279938]",classic,Female
"[57,74]","[23,41]","[-0.639722,-4.9335876]","[144.6420693,174.4279938]",classic,Male
"[57,74]","[23,41]","[-0.639722,-4.9335876]","[144.6420693,174.4279938]",classic,Female
"[34,38]","[38,47]","[-0.639722,21.2391067]","[105.6758987,174.4279938]",classic,Male
"[34,38]","[38,47]","[-0.639722,21.2391067]","[105.6758987,174.4279938]",gold,Male
"[34,38]","[38,47]","[-0.639722,21.2391067]","[105.6758987,174.4279938]",gold,Male
"[34,38]","[38,47]","[-0.639722,21.2391067]","[105.6758987,174.4279938]",junior,Female
"[44,67]","[36,44]","[-0.639722,21.2391067]","[105.6758987,174.4279938]",junior,Female
"[44,67]","[36,44]","[-0.639722,21.2391067]","[105.6758987,174.4279938]",junior,Female
"[44,67]","[36,44]","[-0.639722,21.2391067]","[105.6758987,174.4279938]",classic,Female
"[44,67]","[36,44]","[-0.639722,21.2391067]","[105.6758987,174.4279938]",classic,Female
"[67,75]","[14,53]","[-0.639722,21.2391067]","[105.6758987,174.4279938]",junior,Female
"[67,75]","[14,53]","[-0.639722,21.2391067]","[105.6758987,174.4279938]",gold,Male
"[67,75]","[14,53]","[-0.639722,21.2391067]","[105.6758987,174.4279938]",classic,Female
"[67,75]","[14,53]","[-0.639722,21.2391067]","[105.6758987,174.4279938]",classic,Male
"[67,75]","[14,53]","[-0.639722,21.2391067]","[105.6758987,174.4279938]",classic,Female
"[67,75]","[14,53]","[-0.639722,21.2391067]","[105.6758987,174.4279938]",gold,Female
"[67,75]","[14,53]","[-0.639722,21.2391067]","[105.6758987,174.4279938]",gold,Female
"[37,64]","[19,8]","[34.76436245,34.76436245]","[137.62649011075342,137.62649011075342]",classic,Female
"[37,64]","[19,8]","[34.76436245,34.76436245]","[137.62649011075342,137.62649011075342]",junior,Male
"[37,64]","[19,8]","[34.76436245,34.76436245]","[137.62649011075342,137.62649011075342]",junior,Male
"[37,64]","[19,8]","[34.76436245,34.76436245]","[137.62649011075342,137.62649011075342]",classic,Female
"[37,64]","[19,8]","[34.76436245,34.76436245]","[137.62649011075342,137.62649011075342]",classic,Male
"[42,70]","[41,50]","[21.2391067,34.76436245]","[105.6758987,137.62649011075342]",classic,Female
"[42,70]","[41,50]","[21.2391067,34.76436245]","[105.6758987,137.62649011075342]",classic,Male
"[42,70]","[41,50]","[21.2391067,34.76436245]","[105.6758987,137.62649011075342]",classic,Female
"[42,70]","[41,50]","[21.2391067,34.76436245]","[105.6758987,137.62649011075342]",classic,Male
"[42,70]","[41,50]","[21.2391067,34.76436245]","[105.6758987,137.62649011075342]",classic,Female
"[36,53]","[50,56]","[21.2391067,21.2391067]","[105.6758987,105.6758987]",junior,Male
"[36,53]","[50,56]","[21.2391067,21.2391067]","[105.6758987,105.6758987]",classic,Male
"[36,53]","[50,56]","[21.2391067,21.2391067]","[105.6758987,105.6758987]",junior,Male
"[36,53]","[50,56]","[21.2391067,21.2391067]","[105.6758987,105.6758987]",junior,Female
"[36,53]","[50,56]","[21.2391067,21.2391067]","[105.6758987,105.6758987]",classic,Female
"[61,73]","[51,54]","[21.2391067,34.76436245]","[105.6758987,137.62649011075342]",classic,Male
"[61,73]","[51,54]","[21.2391067,34.76436245]","[105.6758987,137.62649011075342]",classic,Female
"[61,73]","[51,54]","[21.2391067,34.76436245]","[105.6758987,137.62649011075342]",classic,Female
"[61,73]","[51,54]","[21.2391067,34.76436245]","[105.6758987,137.62649011075342]",junior,Female
"[40,54]","[13,8]","[38.5439017,46.0272752]","[-116.5759867,-90.0577783]",classic,Male
"[40,54]","[13,8]","[38.5439017,46.0272752]","[-116.5759867,-90.0577783]",gold,Male
"[40,54]","[13,8]","[38.5439017,46.0272752]","[-116.5759867,-90.0577783]",classic,Male
"[40,54]","[13,8]","[38.5439017,46.0272752]","[-116.5759867,-90.0577783]",classic,Male
"[40,54]","[13,8]","[38.5439017,46.0272752]","[-116.5759867,-90.0577783]",classic,Female
"[40,54]","[13,8]","[38.5439017,46.0272752]","[-116.5759867,-90.0577783]",gold,Male
"[40,54]","[13,8]","[38.5439017,46.0272752]","[-116.5759867,-90.0577783]",classic,Female
"[37,53]","[12,2]","[43.61746,52.370336]","[-0.33248,5.6929962]",classic,Female
"[37,53]","[12,2]","[43.61746,52.370336]","[-0.33248,5.6929962]",classic,Male
"[37,53]","[12,2]","[43.61746,52.370336]","[-0.33248,5.6929962]",classic,Female
"[37,53]","[12,2]","[43.61746,52.370336]","[-0.33248,5.6929962]",classic,Male
"[37,53]","[12,2]","[43.61746,52.370336]","[-0.33248,5.6929962]",classic,Female
"[37,53]","[12,2]","[43.61746,52.370336]","[-0.33248,5.6929962]",classic,Male
"[54,75]","[11,9]","[36.10976315,47.6985307]","[-111.75649325870965,-88.822156]",classic,Female
"[54,75]","[11,9]","[36.10976315,47.6985307]","[-111.75649325870965,-88.822156]",classic,Female
"[54,75]","[11,9]","[36.10976315,47.6985307]","[-111.75649325870965,-88.822156]",classic,Female
"[54,75]","[11,9]","[36.10976315,47.6985307]","[-111.75649325870965,-88.822156]",classic,Male
"[54,75]","[11,9]","[36.10976315,47.6985307]","[-111.75649325870965,-88.822156]",classic,Male
"[54,75]","[11,9]","[36.10976315,47.6985307]","[-111.75649325870965,-88.822156]",classic,Male
"[54,75]","[11,9]","[36.10976315,47.6985307]","[-111.75649325870965,-88.822156]",classic,Male
"[59,74]","[16,5]","[43.1900046,52.1620973]","[-5.9201863,5.3496353]",junior,Female
"[59,74]","[16,5]","[43.1900046,52.1620973]","[-5.9201863,5.3496353]",classic,Female
"[59,74]","[16,5]","[43.1900046,52.1620973]","[-5.9201863,5.3496353]",classic,Male
"[59,74]","[16,5]","[43.1900046,52.1620973]","[-5.9201863,5.3496353]",classic,Male
"[59,74]","[16,5]","[43.1900046,52.1620973]","[-5.9201863,5.3496353]",junior,Male
"[59,74]","[16,5]","[43.1900046,52.1620973]","[-5.9201863,5.3496353]",junior,Male
"[59,74]","[16,5]","[43.1900046,52.1620973]","[-5.9201863,5.3496353]",classic,Female
"[36,53]","[25,51]","[38.5439017,44.0289536]","[-115.6106061,-90.0577783]",classic,Male
"[36,53]","[25,51]","[38.5439017,44.0289536]","[-115.6106061,-90.0577783]",classic,Male
"[36,53]","[25,51]","[38.5439017,44.0289536]","[-115.6106061,-90.0577783]",classic,Male
"[36,53]","[25,51]","[38.5439017,44.0289536]","[-115.6106061,-90.0577783]",classic,Male
"[36,53]","[25,51]","[38.5439017,44.0289536]","[-115.6106061,-90.0577783]",junior,Male
"[36,53]","[25,51]","[38.5439017,44.0289536]","[-115.6106061,-90.0577783]",classic,Male
"[36,53]","[25,51]","[38.5439017,44.0289536]","[-115.6106061,-90.0577783]",classic,Female
"[36,51]","[22,39]","[41.4520925,60.1927138]","[-0.33248,5.3496353]",junior,Female
"[36,51]","[22,39]","[41.4520925,60.1927138]","[-0.33248,5.3496353]",classic,Male
"[36,51]","[22,39]","[41.4520925,60.1927138]","[-0.33248,5.3496353]",junior,Male
"[36,51]","[22,39]","[41.4520925,60.1927138]","[-0.33248,5.3496353]",classic,Male
"[36,51]","[22,39]","[41.4520925,60.1927138]","[-0.33248,5.3496353]",classic,Male
"[36,51]","[22,39]","[41.4520925,60.1927138]","[-0.33248,5.3496353]",gold,Female
"[36,51]","[22,39]","[41.4520925,60.1927138]","[-0.33248,5.3496353]",classic,Female
"[54,68]","[24,53]","[35.31586,47.71782]","[-111.72072281716063,-119.043001]",classic,Male
"[54,68]","[24,53]","[35.31586,47.71782]","[-111.72072281716063,-119.043001]",classic,Male
"[54,68]","[24,53]","[35.31586,47.71782]","[-111.72072281716063,-119.043001]",classic,Female
"[54,68]","[24,53]","[35.31586,47.71782]","[-111.72072281716063,-119.043001]",classic,Female
"[54,68]","[24,53]","[35.31586,47.71782]","[-111.72072281716063,-119.043001]",classic,Male
"[54,68]","[24,53]","[35.31586,47.71782]","[-111.72072281716063,-119.043001]",junior,Male
"[54,68]","[24,53]","[35.31586,47.71782]","[-111.72072281716063,-119.043001]",junior,Female
"[57,74]","[25,54]","[41.55567177346235,60.1927138]","[-1.2432926722107096,5.3496353]",junior,Female
"[57,74]","[25,54]","[41.55567177346235,60.1927138]","[-1.2432926722107096,5.3496353]",classic,Male
"[57,74]","[25,54]","[41.55567177346235,60.1927138]","[-1.2432926722107096,5.3496353]",classic,Male
"[57,74]","[25,54]","[41.55567177346235,60.1927138]","[-1.2432926722107096,5.3496353]",classic,Female
"[57,74]","[25,54]","[41.55567177346235,60.1927138]","[-1.2432926722107096,5.3496353]",classic,Female
"[57,74]","[25,54]","[41.55567177346235,60.1927138]","[-1.2432926722107096,5.3496353]",classic,Male
"[57,74]","[25,54]","[41.55567177346235,60.1927138]","[-1.2432926722107096,5.3496353]",classic,Male
"[40,57]","[19,9]","[37.8465004,51.4125381]","[12.5075767,8.5909636]",gold,Female
"[40,57]","[19,9]","[37.8465004,51.4125381]","[12.5075767,8.5909636]",classic,Female
"[40,57]","[19,9]","[37.8465004,51.4125381]","[12.5075767,8.5909636]",classic,Female
"[40,57]","[19,9]","[37.8465004,51.4125381]","[12.5075767,8.5909636]",classic,Male
"[40,57]","[19,9]","[37.8465004,51.4125381]","[12.5075767,8.5909636]",classic,Female
"[40,57]","[19,9]","[37.8465004,51.4125381]","[12.5075767,8.5909636]",classic,Male
"[40,57]","[19,9]","[37.8465004,51.4125381]","[12.5075767,8.5909636]",junior,Female
"[37,60]","[21,7]","[35.6468662,50.4420084]","[127.18047155761109,24.2768263]",classic,Female
"[37,60]","[21,7]","[35.6468662,50.4420084]","[127.18047155761109,24.2768263]",classic,Male
"[37,60]","[21,7]","[35.6468662,50.4420084]","[127.18047155761109,24.2768263]",classic,Male
"[37,60]","[21,7]","[35.6468662,50.4420084]","[127.18047155761109,24.2768263]",gold,Male
"[37,60]","[21,7]","[35.6468662,50.4420084]","[127.18047155761109,24.2768263]",classic,Male
"[37,60]","[21,7]","[35.6468662,50.4420084]","[127.18047155761109,24.2768263]",junior,Male
"[37,60]","[21,7]","[35.6468662,50.4420084]","[127.18047155761109,24.2768263]",junior,Male
"[35,47]","[38,53]","[45.3561539,65.8880514]","[10.2524462,8.5909636]",gold,Female
"[35,47]","[38,53]","[45.3561539,65.8880514]","[10.2524462,8.5909636]",classic,Male
"[35,47]","[38,53]","[45.3561539,65.8880514]","[10.2524462,8.5909636]",classic,Female
"[35,47]","[38,53]","[45.3561539,65.8880514]","[10.2524462,8.5909636]",classic,Female
"[35,47]","[38,53]","[45.3561539,65.8880514]","[10.2524462,8.5909636]",classic,Male
"[35,47]","[38,53]","[45.3561539,65.8880514]","[10.2524462,8.5909636]",classic,Female
"[35,47]","[38,53]","[45.3561539,65.8880514]","[10.2524462,8.5909636]",gold,Male
"[47,58]","[31,52]","[42.4020525,47.1769164]","[10.2524462,8.5909636]",junior,Male
"[47,58]","[31,52]","[42.4020525,47.1769164]","[10.2524462,8.5909636]",classic,Male
"[47,58]","[31,52]","[42.4020525,47.1769164]","[10.2524462,8.5909636]",classic,Male
"[47,58]","[31,52]","[42.4020525,47.1769164]","[10.2524462,8.5909636]",classic,Female
"[47,58]","[31,52]","[42.4020525,47.1769164]","[10.2524462,8.5909636]",classic,Male
"[47,58]","[31,52]","[42.4020525,47.1769164]","[10.2524462,8.5909636]",gold,Male
"[47,58]","[31,52]","[42.4020525,47.1769164]","[10.2524462,8.5909636]",classic,Female
"[62,75]","[11,4]","[37.8381386,49.4607624]","[12.5102721,8.5909636]",classic,Female
"[62,75]","[11,4]","[37.8381386,49.4607624]","[12.5102721,8.5909636]",classic,Male
"[62,75]","[11,4]","[37.8381386,49.4607624]","[12.5102721,8.5909636]",gold,Female
"[62,75]","[11,4]","[37.8381386,49.4607624]","[12.5102721,8.5909636]",junior,Female
"[62,75]","[11,4]","[37.8381386,49.4607624]","[12.5102721,8.5909636]",gold,Female
"[62,75]","[11,4]","[37.8381386,49.4607624]","[12.5102721,8.5909636]",gold,Male
"[62,75]","[11,4]","[37.8381386,49.4607624]","[12.5102721,8.5909636]",classic,Male
"[60,73]","[19,4]","[35.6468662,45.3561539]","[139.7435795,24.2768263]",junior,Female
"[60,73]","[19,4]","[35.6468662,45.3561539]","[139.7435795,24.2768263]",classic,Male
"[60,73]","[19,4]","[35.6468662,45.3561539]","[139.7435795,24.2768263]",junior,Female
"[60,73]","[19,4]","[35.6468662,45.3561539]","[139.7435795,24.2768263]",classic,Male
"[60,73]","[19,4]","[35.6468662,45.3561539]","[139.7435795,24.2768263]",classic,Female
"[60,73]","[19,4]","[35.6468662,45.3561539]","[139.7435795,24.2768263]",classic,Male
"[60,73]","[19,4]","[35.6468662,45.3561539]","[139.7435795,24.2768263]",classic,Male
"[61,74]","[33,55]","[42.4020525,59.3029801]","[10.11678226475984,8.5909636]",gold,Female
"[61,74]","[33,55]","[42.4020525,59.3029801]","[10.11678226475984,8.5909636]",junior,Male
"[61,74]","[33,55]","[42.4020525,59.3029801]","[10.11678226475984,8.5909636]",gold,Male
"[61,74]","[33,55]","[42.4020525,59.3029801]","[10.11678226475984,8.5909636]",classic,Female
"[61,74]","[33,55]","[42.4020525,59.3029801]","[10.11678226475984,8.5909636]",classic,Female
"[61,74]","[33,55]","[42.4020525,59.3029801]","[10.11678226475984,8.5909636]",classic,Female
"[61,74]","[33,55]","[42.4020525,59.3029801]","[10.11678226475984,8.5909636]",classic,Female
"[60,76]","[36,46]","[35.6468662,45.3561539]","[139.7435795,24.2768263]",classic,Male
"[60,76]","[36,46]","[35.6468662,45.3561539]","[139.7435795,24.2768263]",junior,Male
"[60,76]","[36,46]","[35.6468662,45.3561539]","[139.7435795,24.2768263]",classic,Female
"[60,76]","[36,46]","[35.6468662,45.3561539]","[139.7435795,24.2768263]",junior,Male
"[60,76]","[36,46]","[35.6468662,45.3561539]","[139.7435795,24.2768263]",gold,Male
"[60,76]","[36,46]","[35.6468662,45.3561539]","[139.7435795,24.2768263]",gold,Female
"[36,69]","[100,84]","[-16.34766235,30.1728021]","[-156.278463,-81.6253815]",junior,Male
"[36,69]","[100,84]","[-16.34766235,30.1728021]","[-156.278463,-81.6253815]",junior,Male
"[36,69]","[100,84]","[-16.34766235,30.1728021]","[-156.278463,-81.6253815]",classic,Male
"[36,69]","[100,84]","[-16.34766235,30.1728021]","[-156.278463,-81.6253815]",junior,Male
"[36,69]","[100,84]","[-16.34766235,30.1728021]","[-156.278463,-81.6253815]",junior,Male
"[36,69]","[100,84]","[-16.34766235,30.1728021]","[-156.278463,-81.6253815]",classic,Male
"[36,69]","[100,84]","[-16.34766235,30.1728021]","[-156.278463,-81.6253815]",classic,Female
"[35,72]","[57,99]","[30.1728021,34.10608]","[-116.9642979,-81.6253815]",classic,Female
"[35,72]","[57,99]","[30.1728021,34.10608]","[-116.9642979,-81.6253815]",classic,Female
"[35,72]","[57,99]","[30.1728021,34.10608]","[-116.9642979,-81.6253815]",classic,Female
"[35,72]","[57,99]","[30.1728021,34.10608]","[-116.9642979,-81.6253815]",junior,Male
"[35,72]","[57,99]","[30.1728021,34.10608]","[-116.9642979,-81.6253815]",classic,Female
"[35,72]","[57,99]","[30.1728021,34.10608]","[-116.9642979,-81.6253815]",classic,Male
"[35,72]","[57,99]","[30.1728021,34.10608]","[-116.9642979,-81.6253815]",classic,Male
"[37,56]","[64,98]","[37.4094105,40.2977306]","[-111.7414565249527,12.5102721]",classic,Male
"[37,56]","[64,98]","[37.4094105,40.2977306]","[-111.7414565249527,12.5102721]",classic,Female
"[37,56]","[64,98]","[37.4094105,40.2977306]","[-111.7414565249527,12.5102721]",gold,Male
"[37,56]","[64,98]","[37.4094105,40.2977306]","[-111.7414565249527,12.5102721]",classic,Male
"[37,56]","[64,98]","[37.4094105,40.2977306]","[-111.7414565249527,12.5102721]",classic,Female
"[37,56]","[64,98]","[37.4094105,40.2977306]","[-111.7414565249527,12.5102721]",gold,Female
"[37,56]","[64,98]","[37.4094105,40.2977306]","[-111.7414565249527,12.5102721]",classic,Male
"[59,72]","[101,87]","[34.10608,40.30413215]","[-111.75659670143679,-92.903043]",classic,Female
"[59,72]","[101,87]","[34.10608,40.30413215]","[-111.75659670143679,-92.903043]",classic,Female
"[59,72]","[101,87]","[34.10608,40.30413215]","[-111.75659670143679,-92.903043]",classic,Male
"[59,72]","[101,87]","[34.10608,40.30413215]","[-111.75659670143679,-92.903043]",classic,Female
"[59,72]","[101,87]","[34.10608,40.30413215]","[-111.75659670143679,-92.903043]",classic,Male
"[59,72]","[101,87]","[34.10608,40.30413215]","[-111.75659670143679,-92.903043]",classic,Male
"[59,72]","[101,87]","[34.10608,40.30413215]","[-111.75659670143679,-92.903043]",gold,Male
"[34,52]","[57,71]","[40.577096,43.61746]","[-0.33248,20.3235369]",classic,Male
"[34,52]","[57,71]","[40.577096,43.61746]","[-0.33248,20.3235369]",classic,Female
"[34,52]","[57,71]","[40.577096,43.61746]","[-0.33248,20.3235369]",gold,Female
"[34,52]","[57,71]","[40.577096,43.61746]","[-0.33248,20.3235369]",classic,Female
"[34,52]","[57,71]","[40.577096,43.61746]","[-0.33248,20.3235369]",classic,Male
"[34,52]","[57,71]","[40.577096,43.61746]","[-0.33248,20.3235369]",classic,Male
"[34,52]","[57,71]","[40.577096,43.61746]","[-0.33248,20.3235369]",classic,Female
"[36,54]","[100,96]","[41.3386673,43.1900046]","[-5.9201863,2.238475]",junior,Female
"[36,54]","[100,96]","[41.3386673,43.1900046]","[-5.9201863,2.238475]",classic,Male
"[36,54]","[100,96]","[41.3386673,43.1900046]","[-5.9201863,2.238475]",classic,Male
"[36,54]","[100,96]","[41.3386673,43.1900046]","[-5.9201863,2.238475]",classic,Female
"[36,54]","[100,96]","[41.3386673,43.1900046]","[-5.9201863,2.238475]",gold,Female
"[36,54]","[100,96]","[41.3386673,43.1900046]","[-5.9201863,2.238475]",junior,Female
"[36,54]","[100,96]","[41.3386673,43.1900046]","[-5.9201863,2.238475]",classic,Female
"[58,76]","[57,72]","[40.30717145,43.864954]","[-0.33248,20.3235369]",junior,Female
"[58,76]","[57,72]","[40.30717145,43.864954]","[-0.33248,20.3235369]",classic,Male
"[58,76]","[57,72]","[40.30717145,43.864954]","[-0.33248,20.3235369]",classic,Female
"[58,76]","[57,72]","[40.30717145,43.864954]","[-0.33248,20.3235369]",junior,Male
"[58,76]","[57,72]","[40.30717145,43.864954]","[-0.33248,20.3235369]",classic,Female
"[58,76]","[57,72]","[40.30717145,43.864954]","[-0.33248,20.3235369]",junior,Female
"[58,76]","[57,72]","[40.30717145,43.864954]","[-0.33248,20.3235369]",classic,Female
"[54,74]","[75,99]","[42.4020525,43.5893631]","[-5.9201863,6.3021924]",classic,Male
"[54,74]","[75,99]","[42.4020525,43.5893631]","[-5.9201863,6.3021924]",classic,Female
"[54,74]","[75,99]","[42.4020525,43.5893631]","[-5.9201863,6.3021924]",classic,Male
"[54,74]","[75,99]","[42.4020525,43.5893631]","[-5.9201863,6.3021924]",classic,Female
"[54,74]","[75,99]","[42.4020525,43.5893631]","[-5.9201863,6.3021924]",classic,Male
"[54,74]","[75,99]","[42.4020525,43.5893631]","[-5.9201863,6.3021924]",classic,Male
"[54,74]","[75,99]","[42.4020525,43.5893631]","[-5.9201863,6.3021924]",classic,Female
"[35,58]","[56,88]","[46.0272752,60.1927138]","[-1.2432926722107096,6.735243143773117]",classic,Male
"[35,58]","[56,88]","[46.0272752,60.1927138]","[-1.2432926722107096,6.735243143773117]",classic,Male
"[35,58]","[56,88]","[46.0272752,60.1927138]","[-1.2432926722107096,6.735243143773117]",classic,Female
"[35,58]","[56,88]","[46.0272752,60.1927138]","[-1.2432926722107096,6.735243143773117]",classic,Male
"[35,58]","[56,88]","[46.0272752,60.1927138]","[-1.2432926722107096,6.735243143773117]",classic,Female
"[35,58]","[56,88]","[46.0272752,60.1927138]","[-1.2432926722107096,6.735243143773117]",classic,Male
"[35,58]","[56,88]","[46.0272752,60.1927138]","[-1.2432926722107096,6.735243143773117]",classic,Male
"[40,59]","[56,88]","[46.4067019,63.8729927]","[16.2870765,8.5909636]",classic,Female
"[40,59]","[56,88]","[46.4067019,63.8729927]","[16.2870765,8.5909636]",junior,Female
"[40,59]","[56,88]","[46.4067019,63.8729927]","[16.2870765,8.5909636]",junior,Male
"[40,59]","[56,88]","[46.4067019,63.8729927]","[16.2870765,8.5909636]",classic,Male
"[40,59]","[56,88]","[46.4067019,63.8729927]","[16.2870765,8.5909636]",classic,Male
"[40,59]","[56,88]","[46.4067019,63.8729927]","[16.2870765,8.5909636]",classic,Male
"[40,59]","[56,88]","[46.4067019,63.8729927]","[16.2870765,8.5909636]",junior,Female
"[36,62]","[100,96]","[46.0272752,52.1193963]","[-0.4676852,3.0804641]",classic,Female
"[36,62]","[100,96]","[46.0272752,52.1193963]","[-0.4676852,3.0804641]",classic,Male
"[36,62]","[100,96]","[46.0272752,52.1193963]","[-0.4676852,3.0804641]",classic,Male
"[36,62]","[100,96]","[46.0272752,52.1193963]","[-0.4676852,3.0804641]",classic,Male
"[36,62]","[100,96]","[46.0272752,52.1193963]","[-0.4676852,3.0804641]",junior,Female
"[36,62]","[100,96]","[46.0272752,52.1193963]","[-0.4676852,3.0804641]",gold,Female
"[36,62]","[100,96]","[46.0272752,52.1193963]","[-0.4676852,3.0804641]",gold,Male
"[35,54]","[100,99]","[45.9494582,52.8243943]","[10.2524462,8.5909636]",classic,Male
"[35,54]","[100,99]","[45.9494582,52.8243943]","[10.2524462,8.5909636]",classic,Female
"[35,54]","[100,99]","[45.9494582,52.8243943]","[10.2524462,8.5909636]",classic,Male
"[35,54]","[100,99]","[45.9494582,52.8243943]","[10.2524462,8.5909636]",classic,Male
"[35,54]","[100,99]","[45.9494582,52.8243943]","[10.2524462,8.5909636]",junior,Female
"[35,54]","[100,99]","[45.9494582,52.8243943]","[10.2524462,8.5909636]",gold,Male
"[35,54]","[100,99]","[45.9494582,52.8243943]","[10.2524462,8.5909636]",classic,Female
"[63,76]","[60,79]","[46.0272752,60.1927138]","[-0.4676852,1.0841815]",classic,Male
"[63,76]","[60,79]","[46.0272752,60.1927138]","[-0.4676852,1.0841815]",classic,Male
"[63,76]","[60,79]","[46.0272752,60.1927138]","[-0.4676852,1.0841815]",classic,Female
"[63,76]","[60,79]","[46.0272752,60.1927138]","[-0.4676852,1.0841815]",classic,Male
"[63,76]","[60,79]","[46.0272752,60.1927138]","[-0.4676852,1.0841815]",classic,Female
"[63,76]","[60,79]","[46.0272752,60.1927138]","[-0.4676852,1.0841815]",classic,Female
"[63,76]","[60,79]","[46.0272752,60.1927138]","[-0.4676852,1.0841815]",classic,Male
"[63,77]","[101,97]","[44.3717578,60.1927138]","[-0.6627481,1.4175744]",classic,Male
"[63,77]","[101,97]","[44.3717578,60.1927138]","[-0.6627481,1.4175744]",classic,Male
"[63,77]","[101,97]","[44.3717578,60.1927138]","[-0.6627481,1.4175744]",junior,Female
"[63,77]","[101,97]","[44.3717578,60.1927138]","[-0.6627481,1.4175744]",classic,Female
"[63,77]","[101,97]","[44.3717578,60.1927138]","[-0.6627481,1.4175744]",classic,Female
"[63,77]","[101,97]","[44.3717578,60.1927138]","[-0.6627481,1.4175744]",classic,Female
"[63,77]","[101,97]","[44.3717578,60.1927138]","[-0.6627481,1.4175744]",gold,Female
"[64,75]","[57,79]","[47.1769164,55.85946975]","[11.581714099864232,8.5909636]",classic,Female
"[64,75]","[57,79]","[47.1769164,55.85946975]","[11.581714099864232,8.5909636]",classic,Female
"[64,75]","[57,79]","[47.1769164,55.85946975]","[11.581714099864232,8.5909636]",classic,Female
"[64,75]","[57,79]","[47.1769164,55.85946975]","[11.581714099864232,8.5909636]",classic,Female
"[64,75]","[57,79]","[47.1769164,55.85946975]","[11.581714099864232,8.5909636]",classic,Male
"[64,75]","[57,79]","[47.1769164,55.85946975]","[11.581714099864232,8.5909636]",classic,Female
"[64,75]","[57,79]","[47.1769164,55.85946975]","[11.581714099864232,8.5909636]",junior,Male
"[62,76]","[82,97]","[45.1859633,65.160257]","[13.233437,9.1523154]",classic,Female
"[62,76]","[82,97]","[45.1859633,65.160257]","[13.233437,9.1523154]",classic,Male
"[62,76]","[82,97]","[45.1859633,65.160257]","[13.233437,9.1523154]",gold,Female
"[62,76]","[82,97]","[45.1859633,65.160257]","[13.233437,9.1523154]",classic,Male
"[62,76]","[82,97]","[45.1859633,65.160257]","[13.233437,9.1523154]",classic,Male
"[62,76]","[82,97]","[45.1859633,65.160257]","[13.233437,9.1523154]",classic,Male
"[62,76]","[82,97]","[45.1859633,65.160257]","[13.233437,9.1523154]",classic,Male
"[34,54]","[101,99]","[-15.0043755,3.7768267]","[116.0054635,96.8180519]",classic,Female
"[34,54]","[101,99]","[-15.0043755,3.7768267]","[116.0054635,96.8180519]",classic,Female
"[34,54]","[101,99]","[-15.0043755,3.7768267]","[116.0054635,96.8180519]",classic,Male
"[34,54]","[101,99]","[-15.0043755,3.7768267]","[116.0054635,96.8180519]",classic,Female
"[34,54]","[101,99]","[-15.0043755,3.7768267]","[116.0054635,96.8180519]",classic,Female
"[34,54]","[101,99]","[-15.0043755,3.7768267]","[116.0054635,96.8180519]",classic,Female
"[41,53]","[100,87]","[-0.639722,-15.2562603]","[167.151708,174.4279938]",classic,Male
"[41,53]","[100,87]","[-0.639722,-15.2562603]","[167.151708,174.4279938]",classic,Female
"[41,53]","[100,87]","[-0.639722,-15.2562603]","[167.151708,174.4279938]",junior,Male
"[41,53]","[100,87]","[-0.639722,-15.2562603]","[167.151708,174.4279938]",classic,Male
"[41,53]","[100,87]","[-0.639722,-15.2562603]","[167.151708,174.4279938]",classic,Female
"[41,53]","[100,87]","[-0.639722,-15.2562603]","[167.151708,174.4279938]",junior,Male
"[41,53]","[100,87]","[-0.639722,-15.2562603]","[167.151708,174.4279938]",classic,Female
"[64,76]","[58,97]","[-0.9398412,-4.9335876]","[100.3535398,167.151708]",gold,Male
"[64,76]","[58,97]","[-0.9398412,-4.9335876]","[100.3535398,167.151708]",gold,Female
"[64,76]","[58,97]","[-0.9398412,-4.9335876]","[100.3535398,167.151708]",classic,Female
"[64,76]","[58,97]","[-0.9398412,-4.9335876]","[100.3535398,167.151708]",classic,Male
"[64,76]","[58,97]","[-0.9398412,-4.9335876]","[100.3535398,167.151708]",gold,Female
"[64,76]","[58,97]","[-0.9398412,-4.9335876]","[100.3535398,167.151708]",classic,Female
"[64,76]","[58,97]","[-0.9398412,-4.9335876]","[100.3535398,167.151708]",gold,Female
"[54,74]","[100,97]","[-0.639722,3.7407987]","[121.0627507,96.85788190933087]",classic,Male
"[54,74]","[100,97]","[-0.639722,3.7407987]","[121.0627507,96.85788190933087]",classic,Male
"[54,74]","[100,97]","[-0.639722,3.7407987]","[121.0627507,96.85788190933087]",classic,Male
"[54,74]","[100,97]","[-0.639722,3.7407987]","[121.0627507,96.85788190933087]",gold,Female
"[54,74]","[100,97]","[-0.639722,3.7407987]","[121.0627507,96.85788190933087]",classic,Male
"[54,74]","[100,97]","[-0.639722,3.7407987]","[121.0627507,96.85788190933087]",classic,Male
"[54,74]","[100,97]","[-0.639722,3.7407987]","[121.0627507,96.85788190933087]",junior,Male
"[34,48]","[63,80]","[21.2391067,21.2391067]","[105.6758987,105.6758987]",classic,Female
"[34,48]","[63,80]","[21.2391067,21.2391067]","[105.6758987,105.6758987]",gold,Female
"[34,48]","[63,80]","[21.2391067,21.2391067]","[105.6758987,105.6758987]",gold,Female
"[34,48]","[63,80]","[21.2391067,21.2391067]","[105.6758987,105.6758987]",classic,Male
"[34,48]","[63,80]","[21.2391067,21.2391067]","[105.6758987,105.6758987]",classic,Male
"[34,48]","[63,80]","[21.2391067,21.2391067]","[105.6758987,105.6758987]",junior,Female
"[34,48]","[63,80]","[21.2391067,21.2391067]","[105.6758987,105.6758987]",classic,Male
"[52,64]","[60,78]","[21.2391067,21.2391067]","[105.6758987,105.6758987]",classic,Male
"[52,64]","[60,78]","[21.2391067,21.2391067]","[105.6758987,105.6758987]",classic,Female
"[52,64]","[60,78]","[21.2391067,21.2391067]","[105.6758987,105.6758987]",junior,Male
"[52,64]","[60,78]","[21.2391067,21.2391067]","[105.6758987,105.6758987]",classic,Female
"[52,64]","[60,78]","[21.2391067,21.2391067]","[105.6758987,105.6758987]",junior,Female
"[52,64]","[60,78]","[21.2391067,21.2391067]","[105.6758987,105.6758987]",classic,Female
"[66,75]","[58,68]","[15.6574032,21.2391067]","[105.6758987,80.0065516]",classic,Male
"[66,75]","[58,68]","[15.6574032,21.2391067]","[105.6758987,80.0065516]",classic,Male
"[66,75]","[58,68]","[15.6574032,21.2391067]","[105.6758987,80.0065516]",classic,Male
"[66,75]","[58,68]","[15.6574032,21.2391067]","[105.6758987,80.0065516]",gold,Male
"[66,75]","[58,68]","[15.6574032,21.2391067]","[105.6758987,80.0065516]",classic,Male
"[66,75]","[58,68]","[15.6574032,21.2391067]","[105.6758987,80.0065516]",junior,Male
"[66,75]","[58,68]","[15.6574032,21.2391067]","[105.6758987,80.0065516]",junior,Male
"[64,74]","[69,79]","[15.6574032,21.2391067]","[105.6758987,80.0065516]",classic,Female
"[64,74]","[69,79]","[15.6574032,21.2391067]","[105.6758987,80.0065516]",classic,Female
"[64,74]","[69,79]","[15.6574032,21.2391067]","[105.6758987,80.0065516]",classic,Male
"[64,74]","[69,79]","[15.6574032,21.2391067]","[105.6758987,80.0065516]",classic,Female
"[64,74]","[69,79]","[15.6574032,21.2391067]","[105.6758987,80.0065516]",classic,Female
"[64,74]","[69,79]","[15.6574032,21.2391067]","[105.6758987,80.0065516]",classic,Female
"[64,74]","[69,79]","[15.6574032,21.2391067]","[105.6758987,80.0065516]",classic,Male
"[38,54]","[56,82]","[21.2391067,35.6468662]","[105.6758987,57.09]",junior,Female
"[38,54]","[56,82]","[21.2391067,35.6468662]","[105.6758987,57.09]",classic,Female
"[38,54]","[56,82]","[21.2391067,35.6468662]","[105.6758987,57.09]",classic,Male
"[38,54]","[56,82]","[21.2391067,35.6468662]","[105.6758987,57.09]",classic,Female
"[38,54]","[56,82]","[21.2391067,35.6468662]","[105.6758987,57.09]",junior,Male
"[38,54]","[56,82]","[21.2391067,35.6468662]","[105.6758987,57.09]",classic,Male
"[38,54]","[56,82]","[21.2391067,35.6468662]","[105.6758987,57.09]",classic,Female
"[36,41]","[83,89]","[21.2391067,35.6468662]","[105.6758987,70.8345928]",classic,Female
"[36,41]","[83,89]","[21.2391067,35.6468662]","[105.6758987,70.8345928]",classic,Female
"[36,41]","[83,89]","[21.2391067,35.6468662]","[105.6758987,70.8345928]",classic,Female
"[36,41]","[83,89]","[21.2391067,35.6468662]","[105.6758987,70.8345928]",classic,Male
"[45,52]","[82,88]","[21.2391067,35.6468662]","[105.6758987,139.7435795]",gold,Female
"[45,52]","[82,88]","[21.2391067,35.6468662]","[105.6758987,139.7435795]",classic,Female
"[45,52]","[82,88]","[21.2391067,35.6468662]","[105.6758987,139.7435795]",classic,Male
"[45,52]","[82,88]","[21.2391067,35.6468662]","[105.6758987,139.7435795]",gold,Female
"[37,52]","[90,95]","[21.2391067,21.2391067]","[105.6758987,105.6758987]",gold,Female
"[37,52]","[90,95]","[21.2391067,21.2391067]","[105.6758987,105.6758987]",classic,Male
"[37,52]","[90,95]","[21.2391067,21.2391067]","[105.6758987,105.6758987]",classic,Male
"[37,52]","[90,95]","[21.2391067,21.2391067]","[105.6758987,105.6758987]",classic,Female
"[35,51]","[101,93]","[22.8176662,47.5896355]","[24.2768263,70.8345928]",gold,Female
"[35,51]","[101,93]","[22.8176662,47.5896355]","[24.2768263,70.8345928]",classic,Female
"[35,51]","[101,93]","[22.8176662,47.5896355]","[24.2768263,70.8345928]",classic,Male
"[35,51]","[101,93]","[22.8176662,47.5896355]","[24.2768263,70.8345928]",classic,Female
"[39,53]","[102,98]","[21.2391067,34.76436245]","[105.6758987,137.62649011075342]",classic,Female
"[39,53]","[102,98]","[21.2391067,34.76436245]","[105.6758987,137.62649011075342]",classic,Male
"[39,53]","[102,98]","[21.2391067,34.76436245]","[105.6758987,137.62649011075342]",classic,Female
"[39,53]","[102,98]","[21.2391067,34.76436245]","[105.6758987,137.62649011075342]",classic,Female
"[39,53]","[102,98]","[21.2391067,34.76436245]","[105.6758987,137.62649011075342]",classic,Male
"[39,53]","[102,98]","[21.2391067,34.76436245]","[105.6758987,137.62649011075342]",classic,Female
"[67,76]","[59,84]","[21.2391067,46.5713459]","[105.6758987,88.3690747]",classic,Male
"[67,76]","[59,84]","[21.2391067,46.5713459]","[105.6758987,88.3690747]",gold,Male
"[67,76]","[59,84]","[21.2391067,46.5713459]","[105.6758987,88.3690747]",junior,Female
"[67,76]","[59,84]","[21.2391067,46.5713459]","[105.6758987,88.3690747]",classic,Male
"[67,76]","[59,84]","[21.2391067,46.5713459]","[105.6758987,88.3690747]",gold,Male
"[67,76]","[59,84]","[21.2391067,46.5713459]","[105.6758987,88.3690747]",classic,Female
"[67,76]","[59,84]","[21.2391067,46.5713459]","[105.6758987,88.3690747]",classic,Male
"[67,76]","[59,84]","[21.2391067,46.5713459]","[105.6758987,88.3690747]",classic,Male
"[60,75]","[74,87]","[21.2391067,35.6468662]","[105.6758987,139.7435795]",classic,Female
"[60,75]","[74,87]","[21.2391067,35.6468662]","[105.6758987,139.7435795]",classic,Female
"[60,75]","[74,87]","[21.2391067,35.6468662]","[105.6758987,139.7435795]",classic,Female
"[60,75]","[74,87]","[21.2391067,35.6468662]","[105.6758987,139.7435795]",classic,Male
"[60,75]","[74,87]","[21.2391067,35.6468662]","[105.6758987,139.7435795]",classic,Female
"[60,75]","[74,87]","[21.2391067,35.6468662]","[105.6758987,139.7435795]",classic,Female
"[60,77]","[90,99]","[21.2391067,45.3561539]","[105.6758987,70.8345928]",gold,Male
"[60,77]","[90,99]","[21.2391067,45.3561539]","[105.6758987,70.8345928]",junior,Male
"[60,77]","[90,99]","[21.2391067,45.3561539]","[105.6758987,70.8345928]",classic,Female
"[60,77]","[90,99]","[21.2391067,45.3561539]","[105.6758987,70.8345928]",classic,Male
"[60,77]","[90,99]","[21.2391067,45.3561539]","[105.6758987,70.8345928]",classic,Female
"[60,77]","[90,99]","[21.2391067,45.3561539]","[105.6758987,70.8345928]",classic,Female
"[55,60]","[100,98]","[21.2391067,35.6468662]","[105.6758987,139.7435795]",classic,Female
"[55,60]","[100,98]","[21.2391067,35.6468662]","[105.6758987,139.7435795]",classic,Male
"[55,60]","[100,98]","[21.2391067,35.6468662]","[105.6758987,139.7435795]",junior,Male
"[55,60]","[100,98]","[21.2391067,35.6468662]","[105.6758987,139.7435795]",gold,Female
"[67,76]","[103,96]","[21.2391067,34.76436245]","[105.6758987,137.62649011075342]",classic,Male
"[67,76]","[103,96]","[21.2391067,34.76436245]","[105.6758987,137.62649011075342]",classic,Male
"[67,76]","[103,96]","[21.2391067,34.76436245]","[105.6758987,137.62649011075342]",gold,Female
"[67,76]","[103,96]","[21.2391067,34.76436245]","[105.6758987,137.62649011075342]",classic,Female
